video_titles,video_urls
Seeing Haqq,https://www.youtube.com/watch?v=D8wS_6liNGk
Until the Last Breath,https://www.youtube.com/watch?v=RLZ0AWshFH4
Time of Decision,https://www.youtube.com/watch?v=SJznCRZVZP8
Adab is First,https://www.youtube.com/watch?v=qFoGdxo_4Pw
If You Wake up Fitnah you are Cursed,https://www.youtube.com/watch?v=ilVHHLnhPQk
Rajab – der Monat Allahs ﷻ,https://www.youtube.com/watch?v=h6A0OMKouXs
Leave Your Story,https://www.youtube.com/watch?v=FK0vWnvU1Vo
Allah ﷻ is Ready to Forgive,https://www.youtube.com/watch?v=_gqZaxKISuU
Don't Waste Your Time (Audio Problems),https://www.youtube.com/watch?v=bAx6v6X-dTc
Inheritors of Rasulullah ﷺ,https://www.youtube.com/watch?v=PKbKHNTDc7w
Your Treasure is Contentment,https://www.youtube.com/watch?v=Rqr3lMQIbNw
Don't Speak too much and Stay at Home,https://www.youtube.com/watch?v=m7fNzFnIiMU
Good Character is in Islam,https://www.youtube.com/watch?v=y83rw0gVHsI
Freedom is to be with Allah ﷻ,https://www.youtube.com/watch?v=DqZS6l_4fVs
Marriage is from My Way,https://www.youtube.com/watch?v=MD3ifUQi2rk
73,https://www.youtube.com/watch?v=ME_ztiXNRyU
The Oppressor will be Punished,https://www.youtube.com/watch?v=-n5BwxH6hME
How to Carry Oppression,https://www.youtube.com/watch?v=rOSAdA6ldD0
Health for Iman,https://www.youtube.com/watch?v=m9QLoHkjQ78
Geschenke von Allah ﷻ,https://www.youtube.com/watch?v=wXnBU6tE4ac
Beautiful Adhan in the Mountains,https://www.youtube.com/watch?v=_rWfJSD7tbk
The Sheikh is Your Mirror,https://www.youtube.com/watch?v=dC3K3ZYacUw
Blessings of Salawat,https://www.youtube.com/watch?v=XxZjDIh7ReI
The Reality of Iman (Juma Hadith 15.12.2023),https://www.youtube.com/watch?v=nUtu8uDfAgs
Observe Your Heart,https://www.youtube.com/watch?v=7qLI5w76ZvE
Bete für die Menschen,https://www.youtube.com/watch?v=SRjcyskLy2Y
Summer Camp 23 Highlights,https://www.youtube.com/watch?v=GSGQrDlipbM
A Big Reward for Believers,https://www.youtube.com/watch?v=9E0Ou5RVA6w
Everyone must Believe,https://www.youtube.com/watch?v=Wx25N07v2o0
Romeo & Julia,https://www.youtube.com/watch?v=MSiHWqw8ra4
The Time of Tyrants,https://www.youtube.com/watch?v=OM6YyMu_C3M
Die Zeit der Tyrannen (Juma Hadith 24.11.2023),https://www.youtube.com/watch?v=PkXCKNmVmdg
The Essence of Tariqah,https://www.youtube.com/watch?v=snAA8KxrgMw
People of Decision,https://www.youtube.com/watch?v=BSHVbRX3sdQ
You Need Discipline,https://www.youtube.com/watch?v=ZpGd-MEpjFo
Real Iman (Juma Hadith 10.11.2023),https://www.youtube.com/watch?v=FHz4qjjUPeY
Khatm & Sohbat in Henri-Chapelle 01.11.2023,https://www.youtube.com/watch?v=x_t8Uof9kp8
Die beste Frage,https://www.youtube.com/watch?v=9nT6AVpt7Z4
One Atom of Love,https://www.youtube.com/watch?v=R34DCl6SWc0
The Way of Your Nature,https://www.youtube.com/watch?v=nJCqJ32MNT8
Like the Prophet ﷺ with the Sahabis,https://www.youtube.com/watch?v=BVRuRtJ7p7k
Du Lebst wenn du Liebst,https://www.youtube.com/watch?v=ThSm1jpvvP8
Sincere Advice,https://www.youtube.com/watch?v=ck-d7pLipDc
An Excellent Example (Juma Hadith 06.10.2023),https://www.youtube.com/watch?v=ajWa0wO37Cw
Halte Dein Wudu,https://www.youtube.com/watch?v=uici8cPla1g
Noon-Session with Sheikh Hassan in Aosta (Italy) 15.10.2023,https://www.youtube.com/watch?v=relxwgrCbhQ
Mawlid with Sheikh Hassan in Aosta (Italy) 14.10.2023,https://www.youtube.com/watch?v=bRcJYYT8Vzg
Night-Session with Sheikh Hassan in Aosta (Italy) 13.10.2023,https://www.youtube.com/watch?v=RJMe2nHLOs8
Noon-Session with Sheikh Hassan in Aosta (Italy) 14.10.2023,https://www.youtube.com/watch?v=HdpZTalYi4s
Say Allah (Juma Hadith 20.10.2023),https://www.youtube.com/watch?v=-vO9fWLAYaI
Dua - The Weapon of the Believer,https://www.youtube.com/watch?v=nZX06bFyrhM
Master of the Universe,https://www.youtube.com/watch?v=Zh3SygjTUTo
Hadrah Osmanische Herberge 07.10.2023,https://www.youtube.com/watch?v=6dVequ871Es
Maulid an-Nabi 1445 Hijri (30.09.2023),https://www.youtube.com/watch?v=6ytZmeOVmus
Wasila,https://www.youtube.com/watch?v=IWJ-B04H2-Y
A Season for the Beloved ﷺ,https://www.youtube.com/watch?v=Nlm19cVqapo
"Salah, Salah!",https://www.youtube.com/watch?v=hV2xt5FZx3I
Get into that Train,https://www.youtube.com/watch?v=k_WAPW1LSZY
Wiederbelebung der Religion,https://www.youtube.com/watch?v=DQKY82_OiJQ
Sema in Ljubljana (Slovenia),https://www.youtube.com/watch?v=vhLVySYR_pg
A Sound Heart (Juma Hadith 22.09.2023),https://www.youtube.com/watch?v=mouJvZggj1E
Maulid – eine gute Bida,https://www.youtube.com/watch?v=I5F73p_IY5w
A Pure Heart,https://www.youtube.com/watch?v=oSY6fs_KHrA
Conquer Your Ego,https://www.youtube.com/watch?v=Q1Kcp7xOy9Y
The Real Servants (Juma Hadith 08.09.2023),https://www.youtube.com/watch?v=fQLj8XIReYA
Weak Servants,https://www.youtube.com/watch?v=E52unY9c0-k
Why Islam,https://www.youtube.com/watch?v=YO8ctm7g_t0
Be Soft and Gentle,https://www.youtube.com/watch?v=L9SB-_1b5Ik
A Good Ending,https://www.youtube.com/watch?v=Vs9EhOleFNM
Endless Divine Bliss,https://www.youtube.com/watch?v=e6vMkyO7_rs
The Pricking of a Thorn (Juma Hadith 01.09.2023),https://www.youtube.com/watch?v=zh-lX8FwFOM
The Remedy for Everything,https://www.youtube.com/watch?v=92eoGoiVkJ0
Kun Faya Kun,https://www.youtube.com/watch?v=dOq1r4GoGaQ
Take the Best,https://www.youtube.com/watch?v=YqWdMznkOOQ
Safar al-Khayr,https://www.youtube.com/watch?v=eBKz69BQ0Gg
A New Awakening,https://www.youtube.com/watch?v=GR6RUDPhQQc
Noon-Session with Sheikh Hassan in Bisceglie (Italy) 16.07.2023,https://www.youtube.com/watch?v=pCsqYLRqFKM
Night-Session with Sheikh Hassan in Bisceglie (Italy) 15.07.2023,https://www.youtube.com/watch?v=3MzrKQDkQbw
Noon-Session with Sheikh Hassan in Bisceglie (Italy) 15.07.2023,https://www.youtube.com/watch?v=rAgRCNII8hg
Sohbat Sheikh Hassan in Bisceglie (Italy) 14.07.2023,https://www.youtube.com/watch?v=5VYxJt1gm9M
Sohbat & Dhikr Sheikh Hassan in Bari (Italy) 12.07.2023,https://www.youtube.com/watch?v=sAB_Nttq_Sg
Remembrance of Allah ﷻ,https://www.youtube.com/watch?v=TTIjgqM4bO8
Hadrah @ Summercamp 2023,https://www.youtube.com/watch?v=vDj7-2x9paI
Seid mit den Rechtschaffenen,https://www.youtube.com/watch?v=9bqlKUb0sdI
Der Zweck Deines Lebens,https://www.youtube.com/watch?v=e_hl1Lvun4E
Know Your Purpose,https://www.youtube.com/watch?v=-IFSgQiel5o
Sheikh Hassan & Friends Live at Sufi Soul,https://www.youtube.com/watch?v=KglPD0YzScY
How to Recover from Traumata,https://www.youtube.com/watch?v=jL8ggfACDZ8
From Respect Coming Love,https://www.youtube.com/watch?v=A6tvA26aFB4
Look for Clean Ways,https://www.youtube.com/watch?v=n_ZlLc-NphU
Your Breath is Counted,https://www.youtube.com/watch?v=RpWAVxA9yTE
Your Sheikh will not Leave You,https://www.youtube.com/watch?v=OuBhD0GqC_o
Learn how to Love Prophet ﷺ,https://www.youtube.com/watch?v=cKFPiXmCk0k
In the Presence of Your Lord,https://www.youtube.com/watch?v=UCAFZ8zTJZs
How to be Humble,https://www.youtube.com/watch?v=Xl5mDDLJVZA
Think Good about Believers,https://www.youtube.com/watch?v=UdAV1Mtg3mw
The Greatest Gift,https://www.youtube.com/watch?v=Z8EgJ1ogzZA
Happy New Year (1445 Hijri),https://www.youtube.com/watch?v=1SdL3WG0XBo
Human Nature,https://www.youtube.com/watch?v=5qmXAEwxAlc
A Huge Longing,https://www.youtube.com/watch?v=kW2spPetawg
Malayani (Juma Hadith 06.07.2023),https://www.youtube.com/watch?v=QKn0-Qd8pPo
The Only Chance,https://www.youtube.com/watch?v=B87pmO0DF5c
The Meaning of Your Live,https://www.youtube.com/watch?v=bGi9Ad548Fc
Friends of God are Rabbani,https://www.youtube.com/watch?v=tPuIYMnVWJs
Khutba Eid ul-Adha 1444 Hijri Sheikh Hassan (28.06.2023),https://www.youtube.com/watch?v=7G9ePpAl68Y
Not without Connection,https://www.youtube.com/watch?v=THSz_ymAo5g
What does it Mean to be a Man?,https://www.youtube.com/watch?v=7-lEOsFF7AQ
Make Peace with Yourself,https://www.youtube.com/watch?v=ifzzwwRWM6k
Be Beautiful,https://www.youtube.com/watch?v=UO86U5YL4p4
Sohbat & Dhikr in Ljubljana on 27.05.2023,https://www.youtube.com/watch?v=zn6aUgmsoFo
Take Distance,https://www.youtube.com/watch?v=koI6Hh2PtF8
Wieso gibt es Krankheit?,https://www.youtube.com/watch?v=H75FW_gYi-s
Der Mann hat die Verantwortung,https://www.youtube.com/watch?v=vH0tp6ASCo8
Die Heiligen haben die Verbindung,https://www.youtube.com/watch?v=btWThwB0v2k
Sag Bismillahi-Rahmani-Rahim,https://www.youtube.com/watch?v=hEqP4AP-VUc
Dhikr & Sohbat im Hof Landlust,https://www.youtube.com/watch?v=tqzNPrRXoSU
Dhikr mit Harmonium,https://www.youtube.com/watch?v=fwuQSb1tZcw
Thema Umweltschutz: Die Rettung,https://www.youtube.com/watch?v=Bm3rVER1OO4
Macht Dhikr mit Herz,https://www.youtube.com/watch?v=o0olIXWlQDA
Bleibt in der Jamaat,https://www.youtube.com/watch?v=Dhp9AsAromc
A True Friend of Allah ﷻ,https://www.youtube.com/watch?v=Bafg3QBY-Wk
The Way is to be Humble,https://www.youtube.com/watch?v=l5CTg0AZ3gc
The Realm of Love,https://www.youtube.com/watch?v=n6Gb0bU0WiQ
Oh Lovers don't Keep Away,https://www.youtube.com/watch?v=LW3hp75fjvo
They Try to Change Creation,https://www.youtube.com/watch?v=Lk4mv-Nat2U
Fully in the Sunnah of Prophet ﷺ,https://www.youtube.com/watch?v=G9DXLflllWo
Khutba Eid ul-Fitr 1444 Hijri Sheikh Hassan (21.04.2023),https://www.youtube.com/watch?v=udN1tNroda8
Look for Your Children,https://www.youtube.com/watch?v=sRDrrH-QKJc
Keep this Sweetness,https://www.youtube.com/watch?v=CTJ4CYYmQzM
Purify Your Heart,https://www.youtube.com/watch?v=01aNDbz4OLE
Don't Forget Your Sheikh,https://www.youtube.com/watch?v=ggfUVTl-WS0
Allah ﷻ is Beautiful and He Loves Beauty,https://www.youtube.com/watch?v=RiS4fgQqv6I
Train Your Character,https://www.youtube.com/watch?v=FcfehRuletI
Better than a Lifetime,https://www.youtube.com/watch?v=r7YUQqMiSb4
You may Ask for a Proof,https://www.youtube.com/watch?v=GXl-c_Df7Rw
Marifah,https://www.youtube.com/watch?v=XGEKclnNNWQ
Believe in Reality,https://www.youtube.com/watch?v=OZT16FF8Z3Q
Darkness or Light,https://www.youtube.com/watch?v=IFs2wQYtTdo
Itikaf,https://www.youtube.com/watch?v=ZNb5SUCpAww
Die Schlacht von Badr,https://www.youtube.com/watch?v=8mP00jzViEA
Islam hat Power,https://www.youtube.com/watch?v=tSH1SlglMaU
Din ul-Fitrah,https://www.youtube.com/watch?v=MLM2Dz8gXyI
Die Erben des Propheten ﷺ,https://www.youtube.com/watch?v=sjoI_tcXSs4
Don't Leave Marriage,https://www.youtube.com/watch?v=T6b6OD-Iyu0
Put the Light On,https://www.youtube.com/watch?v=MXbeBlcyE4E
The Last Bad Characteristic to Leave You,https://www.youtube.com/watch?v=qm-kqKgC8cg
Preserve Your Iman,https://www.youtube.com/watch?v=HgJNSif38i0
Your Heart is for Allah ﷻ,https://www.youtube.com/watch?v=QngJlYm7KHA
Created to be Servants of God,https://www.youtube.com/watch?v=0XXrRKnN4Ms
Islam is Easy,https://www.youtube.com/watch?v=Jawo7HDk2ug
Sultan-ul Dhikr,https://www.youtube.com/watch?v=nTvc6MCgkts
Dhikrullah,https://www.youtube.com/watch?v=bXm6NOaZnvs
Healing is from Allah ﷻ,https://www.youtube.com/watch?v=OPJ9Aenw2PI
A Perfect Way,https://www.youtube.com/watch?v=cVBthZT6sVU
Die Schau auf den Gottesfreund,https://www.youtube.com/watch?v=mTJBhT_A7jk
Bad Thinking is Forbidden,https://www.youtube.com/watch?v=KRqy8-J96QA
Think Positive,https://www.youtube.com/watch?v=qGBQqWhOUlw
The Beginning of Every Illness is in the Stomach,https://www.youtube.com/watch?v=VD3joIafbsA
Men and Women are Different,https://www.youtube.com/watch?v=upp_sVviCCY
Don't Listen to Backbiting,https://www.youtube.com/watch?v=VjAE3ScIDGo
Man is Responsible,https://www.youtube.com/watch?v=8D_X3-99_Hg
Fasting is a Shield,https://www.youtube.com/watch?v=eToXZCg0tu8
The Best Thing is Iman,https://www.youtube.com/watch?v=5PmUW6EvSvM
Pray with Love,https://www.youtube.com/watch?v=P7zcwfwVXSg
Hadrah in Kassel 18.03.2023,https://www.youtube.com/watch?v=gp2SRbIf9Tw
"Do Good, Avoid Haram",https://www.youtube.com/watch?v=e8kjfAGe8x0
Indian Spiritual Music & Sufi Meditation,https://www.youtube.com/watch?v=RdLHaIPN8ZM
Visit 40 Neighbours,https://www.youtube.com/watch?v=AsWw0k-wisU
Don't Waste any Second,https://www.youtube.com/watch?v=iZK4eFVywG0
Don't Occupy with Useless Things,https://www.youtube.com/watch?v=eTyH-eLTYvg
Die Vervollkommnung aller Religionen,https://www.youtube.com/watch?v=r45Ab13IPBI
A Night for Prayer,https://www.youtube.com/watch?v=eIYaVbWgjJU
Come Back to the Way,https://www.youtube.com/watch?v=2VAWm58aeyA
Be with Good People (Soundproblems),https://www.youtube.com/watch?v=_vfu12ngxwc
Sei mit guten Leuten,https://www.youtube.com/watch?v=14LpJ03RDxY
The Difference Between a Muslim and a Mu’min,https://www.youtube.com/watch?v=79rs3BzHmlc
Alles ist gut für den Mu'min,https://www.youtube.com/watch?v=EVlLkG7mCk0
Sidratul Muntaha,https://www.youtube.com/watch?v=r306Z8hbw5s
The Ability to Believe,https://www.youtube.com/watch?v=AKQMF_Q31-M
Allah ﷻ Loves You,https://www.youtube.com/watch?v=ez4hufjZzUc
Don't Wish Bad for Anyone,https://www.youtube.com/watch?v=3N_7jbzJwm0
Agenten von Shaytan,https://www.youtube.com/watch?v=r_BbtQRTU_8
"Don't be Proud, be Thankful",https://www.youtube.com/watch?v=KMQdmlwJcQQ
Clean & Clear Knowledge,https://www.youtube.com/watch?v=XvnqH1LWC2k
No Reason to be Afraid,https://www.youtube.com/watch?v=GJho-Z_Y2_Q
The Cure for Depression,https://www.youtube.com/watch?v=lGp3U8esEAA
"Sema mit Sheikh Hassan, Ali Keeler & Friends",https://www.youtube.com/watch?v=C-AesfwTwV8
Dhikr & Hadrah at the Wintercamp in Kassel 31.12.2022,https://www.youtube.com/watch?v=POucTdofo3U
Questions on Marriage,https://www.youtube.com/watch?v=wsAZBPz83nI
Dhikr at the Wintercamp in Kassel 30.12.2022,https://www.youtube.com/watch?v=uqu5jMkGhIg
The Essence of the Way,https://www.youtube.com/watch?v=d7RLGow39ZA
Isa and the Thief,https://www.youtube.com/watch?v=AISPKohsPyg
Awareness of Breath,https://www.youtube.com/watch?v=8hJWJ4wvH7c
What is Adab?,https://www.youtube.com/watch?v=-4PJ5usgKgs
Be Connected Always,https://www.youtube.com/watch?v=VSbPf3Thu3U
The Importance of Mothers,https://www.youtube.com/watch?v=PAZTv-w7fWE
How to be Simple?,https://www.youtube.com/watch?v=3JHo59d0hTE
Absolute Verlierer,https://www.youtube.com/watch?v=4v0jqOuTv-w
Become Better Everyday,https://www.youtube.com/watch?v=oO0uh6pZDBM
Keep Your Organs,https://www.youtube.com/watch?v=KYlZBQgIzC8
Adab Ya Hu,https://www.youtube.com/watch?v=S-zA24HNv78
Dein Herz ist der König,https://www.youtube.com/watch?v=vkbmXuS_auU
Khatm & Dhikr Osmanische Herberge 08.12.2022,https://www.youtube.com/watch?v=fBWcaYb17lY
"New Day, New Life, New Breath",https://www.youtube.com/watch?v=HVEYiGE6-5k
When You're Angry be Silent,https://www.youtube.com/watch?v=6Am2kR7QJtk
Created to Worship Allah ﷻ,https://www.youtube.com/watch?v=YPWV6FnIN3s
Paradise Circles,https://www.youtube.com/watch?v=3dPcJgzbmn0
How to get Rid of our Arrogance,https://www.youtube.com/watch?v=KSrjF9Sq4Yk
What is a Real Man?,https://www.youtube.com/watch?v=MgLFKyjpXbw
Greatness for Allah ﷻ,https://www.youtube.com/watch?v=hbWd_X409-w
Khatm and Dhikr in Kassel 19.11.2022,https://www.youtube.com/watch?v=hSEWHMslDuo
Freigang vom Ego,https://www.youtube.com/watch?v=UVNJh6ebLkc
The Most-Forgiving,https://www.youtube.com/watch?v=e6AwIB6tovA
Less Worth than Half a Mosquito Wing,https://www.youtube.com/watch?v=y2_XX3pvFuI
You must not Judge,https://www.youtube.com/watch?v=1K255ygjmos
Muhabbah,https://www.youtube.com/watch?v=uc3G4xDQjCM
Spendenaufruf Sufizentrum Kassel,https://www.youtube.com/watch?v=GHMJDuSGoCU
We Want More,https://www.youtube.com/watch?v=TZSfgUw0SHE
Dhrupad Concert with Dawud Jérome Cormier and Sheikh Hassan,https://www.youtube.com/watch?v=1-Xfq1igNUw
Hadrah Osmanische Herberge 05.11.2022,https://www.youtube.com/watch?v=Ksb8xQQaGxU
You Need a Living Sheikh,https://www.youtube.com/watch?v=HXvY6BEtPXs
Always Remember Allah ﷻ,https://www.youtube.com/watch?v=u3a0enLy7Y4
Connect through Love,https://www.youtube.com/watch?v=r_zTZhxc6IQ
The Perfume of Paradise,https://www.youtube.com/watch?v=4ABTnJZhAW0
Perfect Your Character,https://www.youtube.com/watch?v=yHgpB6kVN2I
Be Happy with His Mercy,https://www.youtube.com/watch?v=BK0Z4elDRFk
Wintercamp 22/23,https://www.youtube.com/watch?v=NJq8B4lAI3g
Knowledge is for Doing,https://www.youtube.com/watch?v=0hAi2zzuzgU
Origin of Love,https://www.youtube.com/watch?v=c05vUlvMzew
Noon-Session with Sheikh Hassan in Aosta (Italy) 09.10.2022,https://www.youtube.com/watch?v=ai-nmcJRZic
Noon-Session with Sheikh Hassan in Aosta (Italy) 08.10.2022,https://www.youtube.com/watch?v=PqmQosemnRs
Night-Session with Sheikh Hassan in Aosta (Italy) 08.10.2022,https://www.youtube.com/watch?v=XSp2IcjyBkc
"Mawlid Celebration in Aosta, 07.10.2022",https://www.youtube.com/watch?v=_ibggvlSI74
Beauty has a Right,https://www.youtube.com/watch?v=WTY0WW9Xgyg
Iman is more than Paradise,https://www.youtube.com/watch?v=XGyCWLmB1Qo
Increase Your Love for Prophet ﷺ,https://www.youtube.com/watch?v=6HhA3Yqaf0Q
Hadrah & Ziyarat Osmanische Herberge,https://www.youtube.com/watch?v=1w1vZjGly2A
Maulid an-Nabi,https://www.youtube.com/watch?v=5hNty-NRTuk
The Living Quran,https://www.youtube.com/watch?v=5BpyI1Cw2w4
The Kings Way,https://www.youtube.com/watch?v=MM2S1yGJaZA
Like the Sun and the Moon,https://www.youtube.com/watch?v=j_7jxYsosiE
Dhrupad Concert 02.09.2022,https://www.youtube.com/watch?v=8SD4pQNxkUY
Dhikr & Sohbat in Freiburg 26.08.2022,https://www.youtube.com/watch?v=_stbS96_FtQ
More Worth than the Whole Universe,https://www.youtube.com/watch?v=y1raglf7iRk
Hadrah bei dem Nikah von Suraya & Achmed am 27.08.2022,https://www.youtube.com/watch?v=UrTdY7K_XlM
Entscheide Dich!,https://www.youtube.com/watch?v=wh69vzxP1Hw
Juma Khutba Sheikh Hassan in Freiburg,https://www.youtube.com/watch?v=44uD9kCq2qI
Dhikr Burns Impurities,https://www.youtube.com/watch?v=BGmFiBuV87I
Your Life is Mainly a Test,https://www.youtube.com/watch?v=H1VotTX8mrQ
Concert Sheikh Hassan Dyck and Friends,https://www.youtube.com/watch?v=NumGU-OmKzg
Patience is Incumbent,https://www.youtube.com/watch?v=DeVJKQAIc08
From the Darkness to the Light,https://www.youtube.com/watch?v=wptw4UV6DHk
"Be Together, be in Love",https://www.youtube.com/watch?v=srfQm7aSTR4
Be Kind to Your Wife,https://www.youtube.com/watch?v=xR4x2a53gjY
The Way is Balance,https://www.youtube.com/watch?v=_Ct9ZeaFJy4
Teach Your Children Patience,https://www.youtube.com/watch?v=b_2NlIyIsho
Decide to be Thankful,https://www.youtube.com/watch?v=hQOaC0tGozE
Forget Your Doubts,https://www.youtube.com/watch?v=7B0CY0-49JE
Know that You are Wrong,https://www.youtube.com/watch?v=8xu-_xRt6CY
Muharram Mubarak (1444 Hj),https://www.youtube.com/watch?v=EBMR7P-efrk
Manage Your Ego,https://www.youtube.com/watch?v=Zmer-Y4J18E
Sohbat & Dhikr with Sheikh Hassan at Martina Franca (Italy) 19.07.2022 pt.2,https://www.youtube.com/watch?v=djfRV6WRT1A
A New Beginning,https://www.youtube.com/watch?v=6fhilkU1UYA
No Idea of Fear,https://www.youtube.com/watch?v=mGWn-7zWkfU
Sohbat & Dhikr with Sheikh Hassan at the Ashram Bhole Baba in Brindisi (Italy) 18.07.2022,https://www.youtube.com/watch?v=paZyjMgtpDQ
Don't Leave the Way,https://www.youtube.com/watch?v=6ELEvzTgz4A
Sohbat & Dhikr with Sheikh Hassan at Martina Franca (Italy) 19.07.2022 pt.1,https://www.youtube.com/watch?v=sYteRw9-fdk
Who Gives is Rich,https://www.youtube.com/watch?v=vnCSQmQcM3E
Sohbat & Dhikr with Sheikh Hassan in Bari (Italy) 14.07.2022,https://www.youtube.com/watch?v=zkNmv-UQZG4
Sohbat & Dhikr Sheikh Hassan in Puglia (Italy) 13.07.2022,https://www.youtube.com/watch?v=FKtvMm0uqN8
Night-Session with Sheikh Hassan in Bisceglie (Italy) 16.07.2022,https://www.youtube.com/watch?v=28iVfAVuypo
Noon-Session with Sheikh Hassan in Bisceglie (Italy) 16.07.2022,https://www.youtube.com/watch?v=Q9WDP0p_rzY
Khutba Eid ul-Adha 1443 Hijri Sheikh Hassan (09.07.2022),https://www.youtube.com/watch?v=ytmyeznROOs
The Best Day,https://www.youtube.com/watch?v=EPUG79AYh7w
Allah ﷻ is most Merciful,https://www.youtube.com/watch?v=q3OvtNjInGQ
Full Happiness,https://www.youtube.com/watch?v=JxjVQ7p5WrA
Keep Quiet and be Safe,https://www.youtube.com/watch?v=zXLop0iF5fg
We are not Hopeless,https://www.youtube.com/watch?v=pxBtrdyFI_M
A Big Gift from Allah ﷻ,https://www.youtube.com/watch?v=3AVBJsBwO-s
A Mercy from Allah  ﷻ,https://www.youtube.com/watch?v=Ddz1p1o5COo
Bayat with Maulana Sheikh Muhammad,https://www.youtube.com/watch?v=Y2lb_Gp4YYk
Hadrah with Mawlana Sheikh Muhammad in the Osmanische Herberge 01.07.2022,https://www.youtube.com/watch?v=o-8gvlFgxuI
Intention is Better than Deeds,https://www.youtube.com/watch?v=k7p0UbvaBiY
Help Each Other for Good,https://www.youtube.com/watch?v=1zdTTt-LhaI
He Gives without Counting,https://www.youtube.com/watch?v=ij_tl5kK9Ds
Shahada with Maulana Sheikh Muhammad,https://www.youtube.com/watch?v=0Kr2ngtrYTs
Beloved for Allah,https://www.youtube.com/watch?v=11KAPM_Um-U
The Best of Deeds,https://www.youtube.com/watch?v=w_Huixn0hWU
Believers are Brothers,https://www.youtube.com/watch?v=uRn7LXPtUpI
Dhikr with Maulana Sheikh Muhammad 24.06.22,https://www.youtube.com/watch?v=tBr29VmKsxA
Everything has a Limit,https://www.youtube.com/watch?v=SwRjODtrHVE
Beautiful Souls,https://www.youtube.com/watch?v=CEXZtnoKdto
Visit the Graves,https://www.youtube.com/watch?v=2LB5bD1ffBo
Surah Ikhlas,https://www.youtube.com/watch?v=hGMHjxBI71E
Forever Victorious,https://www.youtube.com/watch?v=Gu0PA60v1Lk
Surrender Your Ideas,https://www.youtube.com/watch?v=x3CvTTOQdjQ
Jesus und der Fischer,https://www.youtube.com/watch?v=hfWpe_GuTgk
Wisdom is for the Believer,https://www.youtube.com/watch?v=ORoRyz7WhVM
A Light of the Ummati Muhammad ﷺ,https://www.youtube.com/watch?v=bHzai0XUjPY
"Dhikr, Masnavi & Nasheed in Swindon on 10.06.2022",https://www.youtube.com/watch?v=F152f1i_MRQ
Stay in the Now,https://www.youtube.com/watch?v=Wuh6fIRRWkw
Overflowing Power,https://www.youtube.com/watch?v=PUdOsvYIzkI
Khatm and Dhikr in Bristol on 11.06.2022,https://www.youtube.com/watch?v=dWA_xgKmdCk
Sema in Glastonbury,https://www.youtube.com/watch?v=MdXteiVeiBU
Everyone is a Pure Soul,https://www.youtube.com/watch?v=y8r2-7y7cn8
Pray for Each Other,https://www.youtube.com/watch?v=rsBtlsJm8Cg
You Have to Live Your Live,https://www.youtube.com/watch?v=CK5Mx0oSglE
Recitation of Masnavi (Rumi),https://www.youtube.com/watch?v=zYTanWTYe8M
Der Samen muss aufgehen,https://www.youtube.com/watch?v=hsdJ-3rBL7M
Folge der Sunnah des Propheten ﷺ,https://www.youtube.com/watch?v=mus-W-S_Y-w
Ansprache zur Kirmes in der Mevlani Camii Kassel,https://www.youtube.com/watch?v=1CNAIy4LN04
A Lightning of Love,https://www.youtube.com/watch?v=bCyugef43cg
Allah belohnt die Bemühungen seiner Diener vielfach,https://www.youtube.com/watch?v=1jVHnpYIIbs
We are Ottomans,https://www.youtube.com/watch?v=zPnB_D7O568
One Breath to Say La Ilaha Illallah,https://www.youtube.com/watch?v=Z4T2IdPzf4Q
The Antidote is Foregiveness,https://www.youtube.com/watch?v=oYWfWSlMOkU
Dhikr & Sohbat with Sheikh Hassan in La Vera (Spain) 14.05.2022,https://www.youtube.com/watch?v=g9j9eN3hmvE
Sohbat & Dhikr Sheikh Hassan in La Vera (Spain) 13.05.2022,https://www.youtube.com/watch?v=e5t-SEfZy9I
Dhikr & Sohbat with Sheikh Hassan in Madrid 12.05.2022,https://www.youtube.com/watch?v=Mnekfe_kFj0
Surah Al-Mulk,https://www.youtube.com/watch?v=ihZ8O-sb4p0
The Reason for Everything,https://www.youtube.com/watch?v=t9UOSkORi60
Everything Makes Dhikr with You,https://www.youtube.com/watch?v=lKP40BsdL8M
Unite with Your Brother,https://www.youtube.com/watch?v=ZglLRPkswqo
Ein Perfektes Erbe,https://www.youtube.com/watch?v=hdWsTU1i8iI
A Living Example,https://www.youtube.com/watch?v=-owksyt7mM4
Frieden durch Hingabe,https://www.youtube.com/watch?v=JKa5QltBImY
The Heavenly Table,https://www.youtube.com/watch?v=55Ei4nOK9tM
Don't Think Bad of Anyone,https://www.youtube.com/watch?v=RQ2SCZds-gc
Khutba Eid ul-Fitr 1443 Hijri Sheikh Hassan (02.05.2022),https://www.youtube.com/watch?v=6eWoKTKg1_8
Farewell Ramadan,https://www.youtube.com/watch?v=gW-bnOUM4uw
They Find You,https://www.youtube.com/watch?v=6o_MwDaJy3M
Put Your Head Down,https://www.youtube.com/watch?v=KHmAxoyOZ98
For the Pleasure of Allah ﷻ,https://www.youtube.com/watch?v=C2BewoHhRk8
Be with Allah ﷻ Always,https://www.youtube.com/watch?v=NecEOZ5Zvp0
Look for Your Families,https://www.youtube.com/watch?v=-C6FOEdq3Yc
Liebe ist das Zauberwort,https://www.youtube.com/watch?v=voHb3dPFDSE
Follow the Prophet ﷺ,https://www.youtube.com/watch?v=mxBUTaHlLRU
Unterstützt die Dergah,https://www.youtube.com/watch?v=hnWQNicYusU
Das Gelingen ist von Allah ﷻ,https://www.youtube.com/watch?v=d0cMg8VTQWY
Vertrauen und Glaube,https://www.youtube.com/watch?v=_dhy5s-Z_Fs
Be Thankful,https://www.youtube.com/watch?v=hSE9YpGFRuo
Clean Your Thoughts,https://www.youtube.com/watch?v=QxbC9Mkz-zM
A Special Time in a Special Time,https://www.youtube.com/watch?v=rMU-8Crelu0
The Purpose of Tawba,https://www.youtube.com/watch?v=2i8_c6lG96Y
Pray as if You Pray the Last Time,https://www.youtube.com/watch?v=XhlhJLrhHCU
Der Grund für den Welthunger,https://www.youtube.com/watch?v=4OjswcI2Wok
To be Ashamed is from Iman,https://www.youtube.com/watch?v=9JZdA17XLYw
Der Khalif muss wieder her,https://www.youtube.com/watch?v=BenlcG-lqzo
You Have to Ask for Sultan on Earth,https://www.youtube.com/watch?v=aI3iYIwU5KI
Trenn Dich Nicht,https://www.youtube.com/watch?v=h6HT7aH8i7E
Cleaning the Whole World by Miracles,https://www.youtube.com/watch?v=KXiAExTAXiU
Geistige Entwicklung,https://www.youtube.com/watch?v=TFGVhh77ynA
Vergiss dein Ego,https://www.youtube.com/watch?v=-1COFDt_-8Y
Layla und Majnun,https://www.youtube.com/watch?v=BV0SSya9hWU
Say Allah ﷻ Always,https://www.youtube.com/watch?v=mK7tBLqzXMg
Two Forbidden Words,https://www.youtube.com/watch?v=zujsMmtM6FI
Shahada with Sheikh Hassan,https://www.youtube.com/watch?v=g0Geo7EWSIw
Work on Yourself,https://www.youtube.com/watch?v=tLU8rre0Irg
Everything is Created with a Purpose,https://www.youtube.com/watch?v=_Kyaw1Ht7YE
Teach Your Children Patience,https://www.youtube.com/watch?v=8BXEKUmK6Ec
Love without Conditions,https://www.youtube.com/watch?v=mpM3RTshznI
How You Concentrate in the Prayer,https://www.youtube.com/watch?v=eWt8gLLcn4k
Take Your Gifts,https://www.youtube.com/watch?v=cvBe97kA2bw
Don't Reject Believe,https://www.youtube.com/watch?v=m9ahY_xQn80
Naqshbandi Aliyah,https://www.youtube.com/watch?v=ysJUct3tTt8
Dein Herz ist grenzenlos,https://www.youtube.com/watch?v=C-5Jy7plguA
Enter Mercy Oceans,https://www.youtube.com/watch?v=9s3dKTTyxLk
Keep One Rule,https://www.youtube.com/watch?v=MsQJsZuhB7w
Don't Harm Anyone,https://www.youtube.com/watch?v=SY-kqPYvJi4
No Limit for Knowledge,https://www.youtube.com/watch?v=qF-nbEuSuaI
Love and Fear of God,https://www.youtube.com/watch?v=BmsN4iaPLJQ
Now or Never,https://www.youtube.com/watch?v=NyvpK0nhliQ
Love in Brotherhood,https://www.youtube.com/watch?v=popP-y9Ia7w
With the Difficulty Comes the Easiness,https://www.youtube.com/watch?v=66TUKW_iWMk
Welcome Every Event,https://www.youtube.com/watch?v=TnOcnnUp__c
Use Your Mind,https://www.youtube.com/watch?v=pyl_aTvzYg8
Flood in the Herberge: Update March 2022,https://www.youtube.com/watch?v=YUYV82CUccw
No War without Khalifa,https://www.youtube.com/watch?v=5leKfm8LyFw
Take Your Honour,https://www.youtube.com/watch?v=CpPF9hr6Omw
Highest Knowledge,https://www.youtube.com/watch?v=qJQ9n-t4KyU
Neid verbrennt deine guten Taten,https://www.youtube.com/watch?v=z1a8gIG3knw
Stop Thinking,https://www.youtube.com/watch?v=rjm8O8GQIZM
The Best Answer to a Fool is Silence,https://www.youtube.com/watch?v=B0AabsdJHEI
Wie bin ich Muslim?,https://www.youtube.com/watch?v=OhaaN0OYSyI
Don't Show Off,https://www.youtube.com/watch?v=qxy5g0lnLfg
Leave Your Depression,https://www.youtube.com/watch?v=LDd-bdVlOPk
Reinigung der Herzen,https://www.youtube.com/watch?v=NB0fHd1gQ9U
Is Smoking Haram?,https://www.youtube.com/watch?v=7mXCU6xcA-s
Give Right to Everyone,https://www.youtube.com/watch?v=EG9JN7egAqc
Hoping to Reach,https://www.youtube.com/watch?v=p3dLePlp2nM
Get Rid of Bad Habits,https://www.youtube.com/watch?v=TAmBCbVRRWc
The Real Meaning of Tawba,https://www.youtube.com/watch?v=9lJQ4Us93ZI
Useful Knowledge,https://www.youtube.com/watch?v=kYdN8f6iLUA
The Way of Guidance,https://www.youtube.com/watch?v=grOIo_z_xPk
Obey the Authorities,https://www.youtube.com/watch?v=hyH4WFO_zao
Remember Your Lord,https://www.youtube.com/watch?v=pesZfQ76Zt4
500 Arten der Gnade,https://www.youtube.com/watch?v=U87XQF-KDZI
Khatm and Dhikr in Kassel,https://www.youtube.com/watch?v=k1KxjMHRNQQ
The Heart of Islam,https://www.youtube.com/watch?v=ceaNSfmunS8
Was ist Sufismus?,https://www.youtube.com/watch?v=qlD35H3VB7U
Sohbat Sheikh Hassan in Órgiva (Spain) 07.12.2021,https://www.youtube.com/watch?v=FYJdzFiKkGw
Sohbat Sheikh Hassan in Órgiva (Spain) 11.12.2021,https://www.youtube.com/watch?v=LG30Z2Z9Va0
Dhikr & Sohbat with Sheikh Hassan in Órgiva (Spain) 12.12.2021,https://www.youtube.com/watch?v=IB8Dc8D_AwQ
Sohbat Sheikh Hassan in Órgiva (Spain) after Isha 09.12.2021,https://www.youtube.com/watch?v=5tQaQQ6_eyQ
Sohbat Sheikh Hassan in Órgiva (Spain) after Fajr 09.12.2021,https://www.youtube.com/watch?v=oWKY8C2sySY
Sohbat Sheikh Hassan in Órgiva (Spain) 06.12.2021,https://www.youtube.com/watch?v=oa-wjfROnBg
Sohbat Sheikh Hassan in Órgiva (Spain) after Asr 08.12.2021,https://www.youtube.com/watch?v=Aqceb9Vch9U
Sohbat Sheikh Hassan in Órgiva (Spain) after Fajr 08.12.2021,https://www.youtube.com/watch?v=e8QFyHRAjFk
Sohbat Sheikh Hassan in Órgiva (Spain) on 10.12.2021,https://www.youtube.com/watch?v=JwTxaB6x27o
The Key to Paradise,https://www.youtube.com/watch?v=RMhFDLUKeyU
Sema with Sheikh Hassan in Aosta (Italy) 23.10.2021,https://www.youtube.com/watch?v=dbojXBykXx4
Sohbat Sheikh Hassan in Aosta (Italy) 23.10.2021,https://www.youtube.com/watch?v=i8UCSIt1bvg
Dhikr with Sheikh Hassan in Aosta (Italy) 23.10.2021,https://www.youtube.com/watch?v=fkACISLzI8s
Sohbat and Dhikr with Sheikh Hassan in Aosta (Italy) 22.10.2021,https://www.youtube.com/watch?v=PeQwsQg-SW0
A Chance to Wake Up,https://www.youtube.com/watch?v=KolyD9BOr1A
Sharia Azima,https://www.youtube.com/watch?v=s2ZD4eTP0CQ
Come Back to the Basics,https://www.youtube.com/watch?v=28-d2i7TkQY
Be Ready,https://www.youtube.com/watch?v=tbXbuCepea0
Silent Khatm,https://www.youtube.com/watch?v=0L0JEJOOjgs
Friends of God,https://www.youtube.com/watch?v=hh5tfG103Eg
Leave Your Ego and Come,https://www.youtube.com/watch?v=EQTAD-SOnSo
Islam is Beautiful,https://www.youtube.com/watch?v=5aaUt9qceVo
Chief Mental House,https://www.youtube.com/watch?v=uppXuSoputg
Don't Get Angry,https://www.youtube.com/watch?v=ZmuwXloqYO8
Try to Agree,https://www.youtube.com/watch?v=cigINLWgT_s
Nimm einen Süßen Atemzug,https://www.youtube.com/watch?v=tAsRx9PDdCI
Die Tinte ist Trocken,https://www.youtube.com/watch?v=GFRI4lsknFA
Frieden durch Hingabe,https://www.youtube.com/watch?v=Mm7y6QljAsU
You Live only when You Love,https://www.youtube.com/watch?v=wECecp86RTA
Mawlid an-Nabi in Osmanische Herberge,https://www.youtube.com/watch?v=gxwUcuueb9o
Celebrate Mawlid,https://www.youtube.com/watch?v=ii8xr4iDo00
Eternal Love,https://www.youtube.com/watch?v=nsxKzVqmRms
Spiritueller Geschmack,https://www.youtube.com/watch?v=W3pNsF6Z0Hg
Be with the Truthful,https://www.youtube.com/watch?v=7KzX5YOVArI
What is Iman?,https://www.youtube.com/watch?v=KrQgTCryYxg
Flood in the Herberge - UPDATE,https://www.youtube.com/watch?v=9PYUG1vWFm8
Arabic Music,https://www.youtube.com/watch?v=USZr6vwC3vk
Allah ﷻ is Beautiful and He Loves Beauty,https://www.youtube.com/watch?v=vilU9USHL-0
Rabitah Forever,https://www.youtube.com/watch?v=9qO2UdBa-MQ
Fight Yourself,https://www.youtube.com/watch?v=BvZy6E9_A0Y
Here and Hereafter,https://www.youtube.com/watch?v=rqZr8MgRjlI
The Leader of a Nation is their Servant,https://www.youtube.com/watch?v=o1SWHoPd918
You are on a Different Way,https://www.youtube.com/watch?v=liKl_-nxKAE
Sohbat & Dhikr with Sheikh Hassan in Welkenraedt 12.09.2021,https://www.youtube.com/watch?v=V1rgvfoHQnc
Daily Awrad,https://www.youtube.com/watch?v=-VXBwXFTois
Dhikr Ney Flute Nasheed,https://www.youtube.com/watch?v=9YBT3_ON_8k
Masters of Wisdom,https://www.youtube.com/watch?v=tASdEtsHeRg
The Second Time of Ignorance,https://www.youtube.com/watch?v=25FZhkYHuis
Beware of the Evil Eye,https://www.youtube.com/watch?v=nh65nXX7b3I
Baraka of Your Sheikh,https://www.youtube.com/watch?v=JvZ-DvxTfzo
Guided by Angels,https://www.youtube.com/watch?v=LlwIcVlEp1M
Do what Your Ego doesn't Like,https://www.youtube.com/watch?v=f7UYZM3Ipj0
Real Iman,https://www.youtube.com/watch?v=IV05MovWAAs
You are Great,https://www.youtube.com/watch?v=apVWdrd3x_s
Nothing is Independent,https://www.youtube.com/watch?v=5idwVYOW2HA
Flood in the Herberge - UPDATE,https://www.youtube.com/watch?v=ETxAB_iZC7M
Come in the Now,https://www.youtube.com/watch?v=nf4epOkiCJU
Allah ﷻ Gives You the Best,https://www.youtube.com/watch?v=j3nPd4MYYrI
The Door to Ask Forgiveness,https://www.youtube.com/watch?v=wSh6fQNdSf0
Love is the Key,https://www.youtube.com/watch?v=H__eCdhR9o8
Patience Needs Training,https://www.youtube.com/watch?v=91mobv30DEg
Look at Three Things,https://www.youtube.com/watch?v=CaXTtRRMhTM
Flooding in the Osmanische Herberge,https://www.youtube.com/watch?v=81ElDKWR3kg
Khutba Eid ul-Adha 1442 Hijri Sheikh Hassan (20.07.2021),https://www.youtube.com/watch?v=4_uSp9NE2IY
You Are the Way,https://www.youtube.com/watch?v=dwhfQShH5Dc
Water is for Cleaning,https://www.youtube.com/watch?v=pe8UjkxL7-U
Der Spiegel des Gläubigen,https://www.youtube.com/watch?v=-5YYClNwGxU
A Time with Allah ﷻ,https://www.youtube.com/watch?v=YticgX8aL08
Ein Diener Allahs ﷻ,https://www.youtube.com/watch?v=ITWwVrnviG8
Always Make Rabita,https://www.youtube.com/watch?v=WCf-wZyKRd0
Under the Feet of Your Sheikh,https://www.youtube.com/watch?v=ijoW1pQzs7c
About the Soul,https://www.youtube.com/watch?v=LRwhf0CKj-U
A Hidden Treasure that Wanted to be Known,https://www.youtube.com/watch?v=UhX0UfkBpTM
Shehzad Ali Qawali Concert,https://www.youtube.com/watch?v=pV5OjCk1osw
In the Radiance of Your Sheikh,https://www.youtube.com/watch?v=eW8ZZatzVao
Be with Good People,https://www.youtube.com/watch?v=ESSUxHvHlCU
Be on that Train,https://www.youtube.com/watch?v=Xvxrtgbh3WU
Religious Wars,https://www.youtube.com/watch?v=LQ8-KZXs6sk
Profession & Provision,https://www.youtube.com/watch?v=FdxnGfSJhuI
Die perfekte Lebensweise,https://www.youtube.com/watch?v=VLO2n82T-B4
Serve People,https://www.youtube.com/watch?v=Tolk_ZkpncY
A Perfect Teaching,https://www.youtube.com/watch?v=HJesKGs9A98
Shahada und Nikah mit Sheikh Hassan,https://www.youtube.com/watch?v=BNbhCvwyti0
Believe in All Prophets,https://www.youtube.com/watch?v=EHHBScgPMzg
He Guides whom He Wills,https://www.youtube.com/watch?v=7H62XFXoEX8
Be Kind to Your Wife,https://www.youtube.com/watch?v=IS0zzmNS9r4
Remember Me I Remember You,https://www.youtube.com/watch?v=z_-Ds_-oCtM
Verily the Way is Islam,https://www.youtube.com/watch?v=6QFPOVoHD-w
Be Kind at any Situation,https://www.youtube.com/watch?v=UibMQHf7q9A
We All Live and Die in Islam,https://www.youtube.com/watch?v=tWHX2nJydT4
Tests and Trials,https://www.youtube.com/watch?v=DITVYxZ8DKs
Don't get Angry,https://www.youtube.com/watch?v=IA7ttYy0_1Q
Taste of Islam,https://www.youtube.com/watch?v=HNLerN72IIw
Shadow from Allah ﷻ,https://www.youtube.com/watch?v=Dv7mQ0_TBLg
Khutba Eid ul-Fitr 1442 Hijri Sheikh Hassan (13.05.2021),https://www.youtube.com/watch?v=6BgPCy6X_-U
Truth will be Victorious,https://www.youtube.com/watch?v=Ql8K5eRCx1A
Prepare for Mehdi,https://www.youtube.com/watch?v=NZkYksc183c
Open Mind and Heart,https://www.youtube.com/watch?v=hdg7x2Fp_gc
Rizq is from Allah ﷻ,https://www.youtube.com/watch?v=tkzEeeJi2SY
Sunnah of Prophets,https://www.youtube.com/watch?v=6YbwXPYF26E
Ask for Forgiveness and Health,https://www.youtube.com/watch?v=zv65vwCOyaM
Better than a Lifetime of Prayer,https://www.youtube.com/watch?v=IF3SEDwPQDs
Don't be with Bad Ones,https://www.youtube.com/watch?v=beY3PdGyZnw
Don't Waste,https://www.youtube.com/watch?v=ERBj04FARMs
The Last Ten Days of Ramadan,https://www.youtube.com/watch?v=B5KtCh4R49c
Lions of Allah ﷻ,https://www.youtube.com/watch?v=uZTDTFc49Qk
There's Goodness in Everything,https://www.youtube.com/watch?v=vX4xj4kwCHA
Testimony of the Heart,https://www.youtube.com/watch?v=wvpFfyk-6fU
Battle of Badr,https://www.youtube.com/watch?v=17z_lVwWpZQ
A Long Life of Best Deeds,https://www.youtube.com/watch?v=4G0Dee3dymk
Here You can Become Nothing,https://www.youtube.com/watch?v=oZXJE8tTiF0
How to Improve Family Life,https://www.youtube.com/watch?v=I9I2_6ZGDz0
Take Distance from Your Ego,https://www.youtube.com/watch?v=GUSvnnIHlPk
Discipline is Necessary,https://www.youtube.com/watch?v=tVMZPZsHDSU
Iman is Sweet,https://www.youtube.com/watch?v=QBbo9OlezuE
How can we get Love?,https://www.youtube.com/watch?v=kcIXputL7d4
A Fountain of Wisdom,https://www.youtube.com/watch?v=QCvrnHfrwgk
The Greatest Miracle,https://www.youtube.com/watch?v=pjbV-AImk2o
Leave Your Expectation,https://www.youtube.com/watch?v=ix__HwMcf4I
Remember Your Lord Always,https://www.youtube.com/watch?v=SFA_LhUKOtU
Deed of the Heart,https://www.youtube.com/watch?v=qtNk7G6SIwI
Only God is Important,https://www.youtube.com/watch?v=Eq9JdbDHjfw
Know Your Limits,https://www.youtube.com/watch?v=WBmXUbDrtDI
Reach Your Upper Soul,https://www.youtube.com/watch?v=gaCaJyVcBes
Run to Salvation,https://www.youtube.com/watch?v=JjmeGOGkhI0
Follow the Saints,https://www.youtube.com/watch?v=VHBoMKz7uTU
Switch on the Light,https://www.youtube.com/watch?v=nLI82SzRKMA
"Who sees me, sees Truth",https://www.youtube.com/watch?v=M2ZEgbCHO2k
Don't Believe in the Dark,https://www.youtube.com/watch?v=ceTlZLfVDrs
Religion is Sincere Advice,https://www.youtube.com/watch?v=fcK3s5j7X0U
Laylatul Raghaib,https://www.youtube.com/watch?v=t1dJwXGYWdU
Forgive Yourself,https://www.youtube.com/watch?v=5VMWRCg2eh8
Between His Mercy and His Grace,https://www.youtube.com/watch?v=TDrX8xSOwPc
Everyday a New Appearance,https://www.youtube.com/watch?v=KvUT4n0u6JY
You're not Better than Anything,https://www.youtube.com/watch?v=WLnU0PjYbt4
The Key is Love for the Prophet ﷺ,https://www.youtube.com/watch?v=OBS50St7VyE
Die in Your Sheikh,https://www.youtube.com/watch?v=XgSPgtU8x6A
Everyone is Unique,https://www.youtube.com/watch?v=YAg0M0q3cZ8
Marriage is Half the Way,https://www.youtube.com/watch?v=zh1Spufep3s
Created to be in Happiness,https://www.youtube.com/watch?v=9Kvi1ZmSyF8
Layla and Majnun,https://www.youtube.com/watch?v=9Xm71Ow-v2o
Ich war ein verborgener Schatz,https://www.youtube.com/watch?v=NMfcF3aYJE8
Follow Someone who has Light,https://www.youtube.com/watch?v=SgTsGlrr4Gk
How to Deal with Rejection,https://www.youtube.com/watch?v=LtQDWZBEkDc
Heavenly Lights Illuminate You,https://www.youtube.com/watch?v=ExZmjt4zvpQ
Created in the Best Form,https://www.youtube.com/watch?v=lkKDuSdTtaY
Break Your Mind-Trap,https://www.youtube.com/watch?v=V9eVnld548M
The Way is Sincere Advice,https://www.youtube.com/watch?v=mkcNksayBKA
Help Damascus - Serving Soup,https://www.youtube.com/watch?v=2UZJKObSijc
Corona Impfung - Ja oder Nein?,https://www.youtube.com/watch?v=3wYzpTQL4sM
Corona Vaccination - yes or no?,https://www.youtube.com/watch?v=l-U_AS2fvUo
Find Peace within Yourself,https://www.youtube.com/watch?v=3eONRZHhdSw
Islam has Power,https://www.youtube.com/watch?v=0QhNt7DtKHM
Everything is from Allah ﷻ,https://www.youtube.com/watch?v=EXBThMpJjPM
Don't Take a Fifth Enemy,https://www.youtube.com/watch?v=-Lklv1rUibY
Faith Makes us Strong,https://www.youtube.com/watch?v=SnNkEqQrZ4w
The Secret of Life,https://www.youtube.com/watch?v=zHu6x7UFPRI
Keep the Sunnah,https://www.youtube.com/watch?v=5ms6o38nLiY
The Value of Fard Prayer,https://www.youtube.com/watch?v=L152HtNv71I
Donations for the Mosque Islamic Sufi Centre Kassel Germany,https://www.youtube.com/watch?v=u3FdJDncBtM
Happy Life Here and Hereafter,https://www.youtube.com/watch?v=6k45KbxW_Pg
The Beauties of Paradise,https://www.youtube.com/watch?v=Z4Kld7pPb4U
They don't Want to Change,https://www.youtube.com/watch?v=Yi-gXcGlo3A
Like Rats in the Sewage,https://www.youtube.com/watch?v=rA0s4BQjnGs
Die Mehrheit der Muslime,https://www.youtube.com/watch?v=dIwVayZQrq0
"Love Your Murshid, love the Prophet ﷺ",https://www.youtube.com/watch?v=9ecWq4E9wR0
Cover Bad Things,https://www.youtube.com/watch?v=c7xJ89iLU7E
No Depression in Islam,https://www.youtube.com/watch?v=KFJp6vPKOHw
Dhikr Sheikh Hassan (Tutti Frutti),https://www.youtube.com/watch?v=91EEoILbBJw
Dhikr with Sheikh Hassan,https://www.youtube.com/watch?v=LORCx3Qdpog
The Palace of Bahlul,https://www.youtube.com/watch?v=KIQVDaWPaBM
The First Time to be Alive,https://www.youtube.com/watch?v=dJ08Zf6gMJ0
Mawlid in the Osmanische Herberge 28.10.2020,https://www.youtube.com/watch?v=eOM_Utz92Z8
Denke viermal am Tag an den Tod,https://www.youtube.com/watch?v=a3AopdvTRtc
Make Allah ﷻ Pleased with You,https://www.youtube.com/watch?v=Ft03m6AVe1g
Don't Take my Outward Form,https://www.youtube.com/watch?v=h_Z5sZZpczk
Dhikr with Sheikh Hassan in Vetan (Italy) 27.09.2020,https://www.youtube.com/watch?v=5B-IGy_n-D8
Living Words,https://www.youtube.com/watch?v=Vqr-HnZxlJs
Don't Judge Anyone,https://www.youtube.com/watch?v=4GkcFlMTXAo
Sema with Sheikh Hassan in Vetan (Italy) 26.09.2020,https://www.youtube.com/watch?v=EIVv4445S2I
Longing to be with our Sheikh,https://www.youtube.com/watch?v=dyx-GIJPm_w
Safar al-Khayr,https://www.youtube.com/watch?v=sbRyIbJ83co
Liebe deine Brüder,https://www.youtube.com/watch?v=HTwlY1JhMIY
Leave One Forbidden Thing,https://www.youtube.com/watch?v=6_OAdi7DyTw
The Medicine for Depression,https://www.youtube.com/watch?v=3xgmYkd8Vrc
Not to be Proud,https://www.youtube.com/watch?v=TDoCosuXDDs
Es gibt nichts außer Allah,https://www.youtube.com/watch?v=vmCaQlCX59M
Scheikh Hassan über Mozart und Goethe,https://www.youtube.com/watch?v=E-uSSlOlBfQ
Wenn dein Nachbar dich zur Verzweiflung bringt,https://www.youtube.com/watch?v=bureiXpLUXs
Die Ehe ist der halbe Weg,https://www.youtube.com/watch?v=mrVhGfZJYoI
Stay Away from Fitnah,https://www.youtube.com/watch?v=u5cZeIcbw18
Dein Scheikh führt dich zum wahren Glauben,https://www.youtube.com/watch?v=Kr41lXcKuyI
Guidance is from Allah,https://www.youtube.com/watch?v=M2cLVv0OaYo
Safar al-Khayr,https://www.youtube.com/watch?v=LD9uugzB4-s
Was ist Tasawuf?,https://www.youtube.com/watch?v=pLhrpkxAuqo
Better to Keep Quiet,https://www.youtube.com/watch?v=45NYkN4j_-4
Follow the Rules,https://www.youtube.com/watch?v=ebbclSEqNyk
The People of Paradise,https://www.youtube.com/watch?v=PEWSCGLhvOw
Enter My Castle,https://www.youtube.com/watch?v=gBztWaANev8
Love is the Key,https://www.youtube.com/watch?v=iOxtziCTssg
Beautiful Dhikr with Sheikh Hassan in the Osmanische Herberge,https://www.youtube.com/watch?v=CPFMGHiajC4
With the Light of the Emerald Eye,https://www.youtube.com/watch?v=Ns98zU5ZfQc
Rabitah,https://www.youtube.com/watch?v=G39i-xXbaBU
Try not to be Sad,https://www.youtube.com/watch?v=mIPHo4M8pts
Everything is Black and White,https://www.youtube.com/watch?v=FrB-d93af-k
Listen with Your Heart,https://www.youtube.com/watch?v=xpaX0jVC0Z8
Hadrah with Mawlana Sheikh Muhammad in the Osmanische Herberge 07.06.2019,https://www.youtube.com/watch?v=if3iYU7mhTU
Sharia Azim,https://www.youtube.com/watch?v=CUkonJLMxGY
Nothing to do with this World,https://www.youtube.com/watch?v=fhJbxYKfe14
The Miracle of Sheikh Jamaluddin al-Ghumuqi q.s.,https://www.youtube.com/watch?v=dlO7BmuPCoU
Check Your Intention,https://www.youtube.com/watch?v=FQamJhxPaX8
Don't Neglect The Dhikrullah,https://www.youtube.com/watch?v=I9zIxIi-DyE
Watcher over our Hearts,https://www.youtube.com/watch?v=Z5g1FDraSSU
Your Ego is Your Biggest Enemy,https://www.youtube.com/watch?v=blUOXnEKRKY
Sacrifice Your Bad Habits,https://www.youtube.com/watch?v=tiUsvfX_wHc
Sohbat & Dhikr mit Scheikh Hassan im Sufizentrum Kassel 25.07.2020,https://www.youtube.com/watch?v=3QbHGcOOGhw
Zeit aufs Land zu gehen,https://www.youtube.com/watch?v=1OOAzvpJv28
There's Goodness in Gathering,https://www.youtube.com/watch?v=ZoccL2v1L50
Don't Enter the Hurricane,https://www.youtube.com/watch?v=DeKbudgEUjg
Azrael is Very Busy,https://www.youtube.com/watch?v=HkJgohiKCV0
Dead Man Walking,https://www.youtube.com/watch?v=u6Za1XfgiZs
The Story of the Musician,https://www.youtube.com/watch?v=zpQfaBZNJqs
Our Door is Wide,https://www.youtube.com/watch?v=T42QLaUH7Yw
Keep Islam,https://www.youtube.com/watch?v=zMMa9Pvz32w
Give Forgiveness,https://www.youtube.com/watch?v=Jro6bWyMIzo
Prayer is the Miraj of the Believer,https://www.youtube.com/watch?v=_8WCq_7qi0A
How I can get Nearer to my Lord?,https://www.youtube.com/watch?v=PeFAMQSrsmg
Go on the Same Way,https://www.youtube.com/watch?v=dDWZlovvFKw
Islam is Easy,https://www.youtube.com/watch?v=tTZKoO78T1Q
Harmony is Oneness,https://www.youtube.com/watch?v=ZAQupH-NnDY
You cannot Enter Paradise with Pride,https://www.youtube.com/watch?v=IM77s2hJGYc
Say La Ilaha Illallah,https://www.youtube.com/watch?v=OEF3dt9uCco
Try to be Sincere Servants,https://www.youtube.com/watch?v=24qu771Zmyw
The Fortress of Allah ﷻ (complete),https://www.youtube.com/watch?v=-ImY_Byohh4
Secrets in Marriage,https://www.youtube.com/watch?v=LH_RuHiKWco
Love the Prophet ﷺ more than Yourself,https://www.youtube.com/watch?v=Lv2Dfb27xNM
Never Finishing Love,https://www.youtube.com/watch?v=51B-fvL_cDY
Put Everything in the Right Place,https://www.youtube.com/watch?v=OrO-jUAkaOg
Silver and Gold,https://www.youtube.com/watch?v=6zRVf4_zIbo
Follow the Majority of the Ummah,https://www.youtube.com/watch?v=A6o1VCqMZWU
Don't Stress Your Opinion,https://www.youtube.com/watch?v=dKFpRubzQvI
Khutba Eid ul-Fitr 1441 Hijri Sheikh Hassan (24.05.2020),https://www.youtube.com/watch?v=HYn_Dq6Y3Ns
Eid Mubarak,https://www.youtube.com/watch?v=0HxDpiTvENk
Don't be Proud,https://www.youtube.com/watch?v=o-gq4I4Z-_c
Master of Creation ﷺ,https://www.youtube.com/watch?v=9Eg1KnwjJWQ
Religion is Sincere Advise,https://www.youtube.com/watch?v=2E7HQdsgy7A
Know the Qiblah,https://www.youtube.com/watch?v=rpkuh1akG0Y
Der Führer zur Glückseligkeit Hizb 5 (Freitag),https://www.youtube.com/watch?v=7yfvaIXY1L4
Der Führer zur Glückseligkeit - Das Gebet der Absicht,https://www.youtube.com/watch?v=6M0ntDeuxto
Der Führer zur Glückseligkeit Hizb 3 (Mittwoch),https://www.youtube.com/watch?v=U9OD03zonIs
Der Führer zur Glückseligkeit Hizb 2 (Dienstag),https://www.youtube.com/watch?v=UMX__Y3xR28
Der Führer zur Glückseligkeit Hizb 1 (Montag),https://www.youtube.com/watch?v=p0bm-G0vB7Q
Dalail al-Khayrat Hizb 2 (Tuesday),https://www.youtube.com/watch?v=MFtEoHlXJ_A
Dalail al-Khayrat Hizb 6 (Saturday),https://www.youtube.com/watch?v=Jbsi0qn2n3s
Dalayl al-Khayrat Hizb 5 (Friday),https://www.youtube.com/watch?v=g3aAbJftf5g
Dalayl al-Khayrat Hizb 4 (Thursday),https://www.youtube.com/watch?v=OWEOh_ZnZeo
Dalail al-Khayrat Hizb 3 (Wednesday),https://www.youtube.com/watch?v=Qv2vMLHxd-E
Dalail al-Khayrat Hizb 1 (Monday),https://www.youtube.com/watch?v=c83sdmWfLHg
Every River must Come to the Ocean,https://www.youtube.com/watch?v=1wXnno4EczA
The First Order,https://www.youtube.com/watch?v=I8nJbbyTL_A
The Naqshbandi Wasifa pt.2,https://www.youtube.com/watch?v=am9i9ILZr7A
The Naqshbandi Wasifa pt.1,https://www.youtube.com/watch?v=wNKfOZOuCe8
"Who Wants, he Comes",https://www.youtube.com/watch?v=nP8oI43p_XQ
This Life is a Test,https://www.youtube.com/watch?v=pfnJjZYXAv8
One Worker for Heavenly Kingdom,https://www.youtube.com/watch?v=HXSRghwdUzo
Your Heart is Asking for a Murshid,https://www.youtube.com/watch?v=0iEwN8VKrTE
Invited by Grandsheikh,https://www.youtube.com/watch?v=71alvh7ZGow
The Stations are without Limit,https://www.youtube.com/watch?v=rX9wTNKb9r8
The Most Perfect Way,https://www.youtube.com/watch?v=YO2Hhthz8rI
Every Handbreadth Haqq,https://www.youtube.com/watch?v=JXXCzlpDS8U
Zakat and Zakat ul-Fitr,https://www.youtube.com/watch?v=Saox3EGWAXY
Imagine Your Sheikh Always,https://www.youtube.com/watch?v=M7k-u4z1akI
Ein reines Herz braucht gutes Adab,https://www.youtube.com/watch?v=2GV0wNfXS-A
Fasting is an Order,https://www.youtube.com/watch?v=jpmR9NPOhpE
We're not Murids,https://www.youtube.com/watch?v=jQPG3I7LBsg
Don't Argue with Anyone,https://www.youtube.com/watch?v=k6_84KgvGS4
The Prophet ﷺ will Be Victorious,https://www.youtube.com/watch?v=HlOBkxPg-sA
The Condition for Knowledge is Humbleness,https://www.youtube.com/watch?v=htYTAhucVE0
The Appearance of Mahdi,https://www.youtube.com/watch?v=O8QUK-PEmAE
Make Your Shaytan a Muslim,https://www.youtube.com/watch?v=U-155WKyvTA
The Throne of Allah ﷻ,https://www.youtube.com/watch?v=n2lcNW_08Ak
Like Rain in Springtime,https://www.youtube.com/watch?v=wxdqn4Vqr5k
Our Homeland is Heavens,https://www.youtube.com/watch?v=sYGmtWcKbSI
The Right Medicine at the Right Moment,https://www.youtube.com/watch?v=uDya4zL0hCU
Special Openings in the Holy Month,https://www.youtube.com/watch?v=ziQKc_-TfEc
A Secret of the Secrets,https://www.youtube.com/watch?v=8n3PEIpbVXo
Give Your Life for Real Existence,https://www.youtube.com/watch?v=cKPFRr45M-c
Build Your House on a Rock,https://www.youtube.com/watch?v=0ixJq5uoewQ
Everything is Written,https://www.youtube.com/watch?v=lE4GZXB0AQ4
You need a Master,https://www.youtube.com/watch?v=e2ZCrhqLmC0
Like a Full Moon,https://www.youtube.com/watch?v=ssPej3NwoGo
Oh Tired Heart Sweetly Take a Breath,https://www.youtube.com/watch?v=RwO1D2y2X6w
You're not Alone,https://www.youtube.com/watch?v=oB1IRcObRzM
The Good and the Bad is from Allah (excerpt),https://www.youtube.com/watch?v=JQsBcw_T6T8
Gifts from His Overflowing Power,https://www.youtube.com/watch?v=z4JudTqlct8
Increase Your Honour,https://www.youtube.com/watch?v=5SZ2nkHAOmY
Make Intention for Khalvat,https://www.youtube.com/watch?v=XKTMe99BJ60
SUFI SOUL FESTIVAL 2020,https://www.youtube.com/watch?v=eDzcAoFcu8M
Allah is Saving his Servants as He Likes,https://www.youtube.com/watch?v=n_WxjqqIlO4
Everyone Invited to the Divine Presence,https://www.youtube.com/watch?v=I52wslTTVm4
A Retreat for Mankind,https://www.youtube.com/watch?v=Ro952dMTeM8
Say Allah!,https://www.youtube.com/watch?v=HTlvksQ77nE
Ein Check-Up für dein Leben,https://www.youtube.com/watch?v=kblXGaO7qrw
Sheikh Hassan on the current situation,https://www.youtube.com/watch?v=Rjgo4PSosPw
Scheikh Hassan zur aktuellen Lage,https://www.youtube.com/watch?v=Bru4FiGNTDE
A Believer is not Afraid,https://www.youtube.com/watch?v=imvhY2bb3TM
Your Final and First Reason,https://www.youtube.com/watch?v=hM4QzyTlbMo
The Armies of Heavens and Earth,https://www.youtube.com/watch?v=MSsSCCQq5e0
A Good Time to Repent,https://www.youtube.com/watch?v=GLO-KeDnlAc
The Saints are Lifeboats,https://www.youtube.com/watch?v=n9BNSfXM6AU
Shahada with Sheikh Hassan,https://www.youtube.com/watch?v=2dLNr11nnvg
Sohbat & Dhikr with Sheikh Hassan in Wuppertal 29.02.2020,https://www.youtube.com/watch?v=PcVhtnlm2ZQ
A Drop in the Ocean,https://www.youtube.com/watch?v=i7Hf0GatKuo
Die Before You Die,https://www.youtube.com/watch?v=PcYFOw7Kqz0
Look for the Truth of Islam,https://www.youtube.com/watch?v=ng23JWqPYk0
Serve His Servants,https://www.youtube.com/watch?v=xXSCsFsv36Y
Islam and Tariqat is One,https://www.youtube.com/watch?v=tBz4Mon-sJ8
Like the Prophet ﷺ and the Sahabas,https://www.youtube.com/watch?v=wtQkwIMHtXA
Hadrah Osmanische Herberge 01.02.2020,https://www.youtube.com/watch?v=jsHIXL4nseg
Make One Person Happy Everyday,https://www.youtube.com/watch?v=6jdq8VBrzXA
Eine Rechleitung für die Menschen,https://www.youtube.com/watch?v=vYdhFFLshXs
He is Pleased with them and they are Pleased with Him,https://www.youtube.com/watch?v=JibWNlb34Io
Sohbat & Dhikr mit Scheikh Hassan in Köln 25.01.2020,https://www.youtube.com/watch?v=g53eDdRQi6U
A Rendezvous with Your Lover,https://www.youtube.com/watch?v=uPpfCtg-4fo
Das Elixier der Glückseligkeit,https://www.youtube.com/watch?v=yByIaPemvBI
Hege keinen Groll,https://www.youtube.com/watch?v=KF6ocVdC03o
The Alchemy of Happiness,https://www.youtube.com/watch?v=Aj1FhMtPRug
Use Your Thinking for Thanking,https://www.youtube.com/watch?v=h8SjKpwCnWs
Fana fi Ikhwan,https://www.youtube.com/watch?v=7UqGXf-vHvA
Imitate Your Sheikh,https://www.youtube.com/watch?v=KJbAs7Uo0rg
Dhikr Sheikh Jamaluddin in the Osmanische Herberge 01.01.2020,https://www.youtube.com/watch?v=pFA1b7beAAg
The First Step is Self-Observation,https://www.youtube.com/watch?v=ZxqdLfbn3mw
Insan Kamil,https://www.youtube.com/watch?v=jCSMDSLcLQI
Dhikr Sheikh Hassan in the Osmanische Herberge 28.12.2019,https://www.youtube.com/watch?v=X_eVDd-2-aU
Our Life is Hajj,https://www.youtube.com/watch?v=5g5HHWTg0WA
The High Perfume of Islam,https://www.youtube.com/watch?v=m3GpmPfMg6w
Don't Waste Your Good Deeds,https://www.youtube.com/watch?v=cM3WMoIOLvI
How to Reach Certainty,https://www.youtube.com/watch?v=hGnq80E_PbQ
Wir bitten um eure Hilfe für die OSMANISCHE HERBERGE,https://www.youtube.com/watch?v=KIUdbHYBf7w
We are asking your Help for the OSMANISCHE HERBERGE,https://www.youtube.com/watch?v=mYOf_sU1w8k
Wie ein neugeborenes Kind,https://www.youtube.com/watch?v=zipRhEF7lHI
Der Weg in die Sicherheit,https://www.youtube.com/watch?v=mzWZSNzYqzo
Oh My People,https://www.youtube.com/watch?v=rFEMwtC1Rlc
Countless Blessings,https://www.youtube.com/watch?v=r-lJ3jO1s0Y
The Seal of Prophethood ﷺ,https://www.youtube.com/watch?v=gKhF-mN2wt4
Guide us on the Straight Path,https://www.youtube.com/watch?v=KOMSX3VVnPs
No Fear or Sadness for the Friends of Allah,https://www.youtube.com/watch?v=k0tg6eFugf0
Only Through the Love of Prophet ﷺ,https://www.youtube.com/watch?v=RAmAacgC5Yw
Hadrah Osmanische Herberge 05.10.2019,https://www.youtube.com/watch?v=_ufLWbBf8oA
Imam Mahdi will Bring Pure Light,https://www.youtube.com/watch?v=2pzj5H6wW-Y
No Time to Complain Anymore,https://www.youtube.com/watch?v=gje5tZT5QaA
Say Alhamdulillah with Every Breath,https://www.youtube.com/watch?v=DTgJjEiK5Xo
One Million Mothers and One Million Fathers,https://www.youtube.com/watch?v=opVkzcpWMGk
Allah Loves the Broken Hearts,https://www.youtube.com/watch?v=iq2YZtJDgmI
Be on the Train,https://www.youtube.com/watch?v=bVrj9ySVwfU
Hidden Partenership,https://www.youtube.com/watch?v=vMClxmUPkMs
Leave Everything,https://www.youtube.com/watch?v=b9gBlU4DvZk
Be Obedient Servants,https://www.youtube.com/watch?v=kBCZfG7b2L8
How to be Thankful to Your Sheikh,https://www.youtube.com/watch?v=xFtn_FBTjbw
Sohbat & Dhikr with Sheikh Hassan in Bruxelles 14.09.2019,https://www.youtube.com/watch?v=2esN3D21NNU
The Reason for Islam is to Fight Your Ego,https://www.youtube.com/watch?v=U0xV_kYM1bc
Not in Hellfire,https://www.youtube.com/watch?v=2CVQE9H3-Dg
Aschura 1441 a.H. in der Osmanischen Herberge 09.09.2019,https://www.youtube.com/watch?v=4t18rBSBJqc
Jede Seele schmeckt den Tod,https://www.youtube.com/watch?v=fznwittB9lg
No Revenge in Islam,https://www.youtube.com/watch?v=F2ynUujIryw
Tibetan Garlic-Cure,https://www.youtube.com/watch?v=YPUlgPcOZgs
Tibetanische Knoblauchkur,https://www.youtube.com/watch?v=vKDrA1pgV6c
His Mercy is Bigger than His Wrath,https://www.youtube.com/watch?v=Ezvcs6vQtoA
The Keepers of the Secrets,https://www.youtube.com/watch?v=fh98BC_HFbg
Es geht um die Liebe,https://www.youtube.com/watch?v=1D0Z0Vqkeb8
Find Your Real Self,https://www.youtube.com/watch?v=pLKiGJb_h6c
Eat and Drink and be Thankful,https://www.youtube.com/watch?v=yMdJBzqYAZ0
Kein Entrinnen von Dunya,https://www.youtube.com/watch?v=ze1j50uX6vQ
Die höchste Form der Geduld,https://www.youtube.com/watch?v=0720d2FONHQ
Im Namen des Allbarmherzigen,https://www.youtube.com/watch?v=8f4xGoKFVJw
An Entry from East to West,https://www.youtube.com/watch?v=FMMcXV5KH7I
Khutba Eid ul-Adha 1440 Hijri Sheikh Hassan (11.08.2019),https://www.youtube.com/watch?v=bhYwnot-wNQ
The Most Terrible Thing for Human Being,https://www.youtube.com/watch?v=HxvPnpqg6k8
Only One Chance in One Life,https://www.youtube.com/watch?v=i0MAU9A6nmg
Three Responsibilities,https://www.youtube.com/watch?v=eokMw7FNZBg
You Need a Guide,https://www.youtube.com/watch?v=70on5gVCamM
Also This Will Pass,https://www.youtube.com/watch?v=Zg-LyWeTEwQ
Ego Loves Power,https://www.youtube.com/watch?v=Wya6gk2pSJ0
Carry People,https://www.youtube.com/watch?v=6WgGZ92tapg
Unlimited Powers,https://www.youtube.com/watch?v=yNoaBEnAvKo
The Heart is a Treasure Chamber of Allah Almighty,https://www.youtube.com/watch?v=tThQgoyzRvQ
You Love for Love,https://www.youtube.com/watch?v=QJc6WKfWvSI
Who Sees me Sees the Truth,https://www.youtube.com/watch?v=gyZaVKmJxOo
Blessings of Entering the Mosque,https://www.youtube.com/watch?v=r6MJOgFZyq4
Hinter dem Schleier liegt ein Ozean der Kraft,https://www.youtube.com/watch?v=7Dp0269EKVA
Halte dich nicht an Formen fest,https://www.youtube.com/watch?v=GXsv79oaJGw
Entscheide dich immer für Allah,https://www.youtube.com/watch?v=_Yxo4244upY
Oh Allah Give us the Right Understanding,https://www.youtube.com/watch?v=6EVHB36JoAI
You Have to Adjust to be Clean,https://www.youtube.com/watch?v=UxLQPgP3LHE
Hadrah Maulana Sheikh Muhammad in the Osmanische Herberge 06.07.2019,https://www.youtube.com/watch?v=UsdzTNGt1i8
Right and Wrong Actions in Family Life,https://www.youtube.com/watch?v=lt0Kso1q6Ls
A House for the Sultan,https://www.youtube.com/watch?v=jBY2Z8xFbGI
Bedecke die Fehler der Anderen,https://www.youtube.com/watch?v=02P1TUjT1T8
Diene Allah und seinen Geschöpfen in bester Weise,https://www.youtube.com/watch?v=ci10IH_L-5o
Kästchen und Tästchen,https://www.youtube.com/watch?v=G73fG_QQYDo
Ein vorzügliches Vorbild,https://www.youtube.com/watch?v=wvgy72SBZOU
Sacred Music Festival - Abdul Majid Staepke,https://www.youtube.com/watch?v=JZgsrPg_auE
Sacred Music Festival - Shah-e-Mardan feat. Mahmud Sabri,https://www.youtube.com/watch?v=eJQwEgC5Fnc
Sacred Music Festival - Selam & Shalom,https://www.youtube.com/watch?v=6b3T533ruS0
Sacred Music Festival - Sheikh Hassan & Friends,https://www.youtube.com/watch?v=9vSpEPZP1l8
Sacred Music Festival - Munsheed Abu Nour & Friends,https://www.youtube.com/watch?v=86CpihgQ8TA
Do the Opposite of what Your Ego Wants,https://www.youtube.com/watch?v=NYdRJggvjNU
Every Soul will Taste Death,https://www.youtube.com/watch?v=iuPih30W9Xo
Khutba Eid ul-Fitr 1440 Hijri Sheikh Hassan (04.06.2019),https://www.youtube.com/watch?v=ow9hE7beeTE
The Sign that Envy left You,https://www.youtube.com/watch?v=BujroFhm3AI
Hadrah Osmanische Herberge 01.06.2019,https://www.youtube.com/watch?v=J6VtzW6x6R8
What is Shirk?,https://www.youtube.com/watch?v=ThId_HeGY94
No Limit for Love of Rasulullah (saw),https://www.youtube.com/watch?v=nbcvZvxsv6M
Smelling like Musk,https://www.youtube.com/watch?v=Bw_dcysihCQ
Pay Your Zakat ul-Fitr before Eid,https://www.youtube.com/watch?v=ODUAH-vxU4s
The Key is with Your Sheikh,https://www.youtube.com/watch?v=9mderQxdgJ8
Leave Bad Thinking,https://www.youtube.com/watch?v=F2a39oymUv0
Your Heart May be Free,https://www.youtube.com/watch?v=OsiVKFuWLq4
A Believer is not Tired,https://www.youtube.com/watch?v=6tt9GQ0BWME
Don't Ask Why,https://www.youtube.com/watch?v=wQ4Njc2okDY
Dhikr & Sohbat mit Scheikh Hassan im Sufizentrum Kassel 18.05.2019,https://www.youtube.com/watch?v=p4GOgQIRkFU
Let Go of the Thought of Escaping the Flock,https://www.youtube.com/watch?v=BAIG1vfbyxQ
Time of Maghfirah,https://www.youtube.com/watch?v=nT-AYQZs9DM
Raised to the First Heaven,https://www.youtube.com/watch?v=nxnE2Swl-Tc
The Secret of Attraction,https://www.youtube.com/watch?v=sExrovDafLg
A Believer must be Happy,https://www.youtube.com/watch?v=OjySA9QyYxM
Look for Beauty Look for Love,https://www.youtube.com/watch?v=f2QXPXFHCNw
Know that Allah is Looking to You,https://www.youtube.com/watch?v=CkVIBMEOw3g
Be With Good People,https://www.youtube.com/watch?v=iayp6P9Ec-o
Einsicht ist besser als Wissen,https://www.youtube.com/watch?v=QMinywCh_gk
"Wer an Mich denkt, an den denke Ich",https://www.youtube.com/watch?v=gmQw7Ye-FtM
SUFI SOUL FESTIVAL 2019,https://www.youtube.com/watch?v=yzAcQA1vj8E
Allahumma Anta Salam,https://www.youtube.com/watch?v=CyB00IM8zAA
You're not Created for this World,https://www.youtube.com/watch?v=eXcTUUSCCr0
Sohbat mit Sheikh Hassan in Essen 23.03.2019,https://www.youtube.com/watch?v=IAA8pHuDETY
A Ray of the Sun,https://www.youtube.com/watch?v=pDyBtyXNgr4
Seile zu Allah,https://www.youtube.com/watch?v=zDrufCUMDLQ
Sohbat & Dhikr with Sheikh Hassan in Aachen on 17.03.19,https://www.youtube.com/watch?v=z_9S-B3ilQs
Marriage of Muslim Brother and Christian Sister,https://www.youtube.com/watch?v=Md83b9UALp4
"He Loves them, they Love Him",https://www.youtube.com/watch?v=ipeyyQ8_a4w
Sohbat & Dhikr with Sheikh Hassan in Wuppertal 09.03.2019,https://www.youtube.com/watch?v=2vnet9Rb9XE
Applied Spiritual Self-Therapy pt.2,https://www.youtube.com/watch?v=Eq6HpvJbY3k
The Saint of Rajab,https://www.youtube.com/watch?v=w_keW0EOsnw
Change Bad Feelings into Good Feelings,https://www.youtube.com/watch?v=KJ1nt5bC3ck
The Businessman and the Parrot,https://www.youtube.com/watch?v=fuLQBeXe4lw
Khatm-ul-Khwajagan & Dhikr 28.02.2019,https://www.youtube.com/watch?v=zYByDM5G4Uc
Trust in Your Sheikh,https://www.youtube.com/watch?v=nDGt7n2x4so
Die Einheit Gottes - Bedeutung von Tauhid,https://www.youtube.com/watch?v=pKNvjFP8EdQ
Be in This World as a Stranger,https://www.youtube.com/watch?v=W7wqrPum6JE
Islam is Peace,https://www.youtube.com/watch?v=jGRyYy9S0P0
Know Him by His Names,https://www.youtube.com/watch?v=ZBWM1B7gFBQ
Haram Goes to Haram and Halal to Halal,https://www.youtube.com/watch?v=vsfQ2RJ4gzc
Our Greatest Chance,https://www.youtube.com/watch?v=B33mpRRa0oM
How to Please Your Lord,https://www.youtube.com/watch?v=OCeZZ91jsgU
Löwen in der göttlichen Gegenwart,https://www.youtube.com/watch?v=CJvj_DrqBFc
Make it Easy not Difficult,https://www.youtube.com/watch?v=kWi3e_1E9bU
Allah ist schön und er liebt die Schönheit,https://www.youtube.com/watch?v=73PmCCyv05o
Applied Spiritual Self-Therapy pt.1,https://www.youtube.com/watch?v=Ijo-wO6jvg8
Moved by the Ocean,https://www.youtube.com/watch?v=eTSpdhEp-8c
The Second Age of Ignorance,https://www.youtube.com/watch?v=TeS3tHUs7Nk
In the Divinely Presence,https://www.youtube.com/watch?v=agBHBHYALrU
The Miracles of the Prophet ﷺ - pt.1,https://www.youtube.com/watch?v=onZXFdkq1kQ
The Miracles of the Prophet ﷺ - pt.2,https://www.youtube.com/watch?v=6X8pRgsor7A
The Lord in the Hearts of the Servants,https://www.youtube.com/watch?v=lkHfNB8rEv0
Reflect Yourself Before You Complain,https://www.youtube.com/watch?v=ITi-M0DzXcc
Be Beautiful don't be Ugly,https://www.youtube.com/watch?v=eNEF3fZTEe4
Oceans of Mercy,https://www.youtube.com/watch?v=0oynrb7rPkg
Expert for the Sickness of the Heart,https://www.youtube.com/watch?v=cDPe9m4nfVA
Concert Ali Keeler & Daud in the Osmanische Herberge,https://www.youtube.com/watch?v=1XJUoGvVb6I
There's Ways Between the Hearts of Believers,https://www.youtube.com/watch?v=-x8GJhVmHzI
Forgiveness and Punishment,https://www.youtube.com/watch?v=UUZGnM-jtUU
Nothing Compares,https://www.youtube.com/watch?v=irAUVBTTWq4
Time is on His Side,https://www.youtube.com/watch?v=n4_lN0QaBgs
The Point of Turning to Allah,https://www.youtube.com/watch?v=BhhcwNxY0XU
The Four Enemies of Mankind,https://www.youtube.com/watch?v=FvJUCEpXTkw
Keep Your Ego within the Limits,https://www.youtube.com/watch?v=cHfDtcJMmuE
Deutsche Dichter und der Prophet Mohammed (saw),https://www.youtube.com/watch?v=xAJuBDiZMAQ
Pillars of the Community,https://www.youtube.com/watch?v=_Pag2SVrhng
Die Fähigkeit zu unterscheiden,https://www.youtube.com/watch?v=-jwBsHPe9_Y
No Limit for Patience,https://www.youtube.com/watch?v=aOun2RhSV1s
Step Back from Your Ego,https://www.youtube.com/watch?v=NS5qVHr3J8A
Support the Osmanische Herberge - Raising your thawab,https://www.youtube.com/watch?v=NJMkzKtikgQ
Unterstützung der Osmanischen Herberge - Raising your thawab,https://www.youtube.com/watch?v=pTkrExkBfg0
Mawlid with Sheikh Hassan in the Osmanische Herberge,https://www.youtube.com/watch?v=rAWgv_L3O8o
Der Schlüssel zur ewigen Glückseligkeit,https://www.youtube.com/watch?v=GnQ8sQEs4wg
A Warrior for Light,https://www.youtube.com/watch?v=3N1yGgGXHsQ
Your own Imperfection,https://www.youtube.com/watch?v=PmnWy-kwJSQ
Beautiful Nasheed with Munsheed Abu Nour Rajab,https://www.youtube.com/watch?v=ZEP1kpq-VpY
Receive Your Gifts,https://www.youtube.com/watch?v=6vYIKJgWv0Y
Hadrah Osmanische Herberge 03.11.2018,https://www.youtube.com/watch?v=UFlGV-sw0aw
Marriage is Half the Way,https://www.youtube.com/watch?v=geastWgBgks
The Key to Paradise,https://www.youtube.com/watch?v=N239Vp0t5LI
Love and Adab,https://www.youtube.com/watch?v=dURM2LQb0Yk
Muslime erleben Jesus in der Bibel,https://www.youtube.com/watch?v=rK96MSFXZG0
Die Vermittler Allahs,https://www.youtube.com/watch?v=7yee9H5gCsI
By the Order of Allah,https://www.youtube.com/watch?v=GMBZHhrSMzQ
Retreat with our Lovely Shaykh Hassan,https://www.youtube.com/watch?v=WHJZOylhhrc
Every Soul has a Longing,https://www.youtube.com/watch?v=yLVi86BWIIQ
Invited to the Divinely Presence,https://www.youtube.com/watch?v=pN4Tx7RFFDs
Here You can be Nothing,https://www.youtube.com/watch?v=oWi3uSY-Ueg
The Sword is out of the Sheath,https://www.youtube.com/watch?v=KLaK_fy0kIA
Only One Khalifa,https://www.youtube.com/watch?v=AczYL4BlMdc
Dhikr with Sheikh Hassan in Orbey,https://www.youtube.com/watch?v=DF1wLtxqWac
"Oh You who Believe, Believe!",https://www.youtube.com/watch?v=nJrM4LqzV7o
Vanish in the Heart of the Sheikh,https://www.youtube.com/watch?v=9e7pNZI_up0
The Nightingale and the Rose,https://www.youtube.com/watch?v=7aiibVVaF5c
"The Jew, the Christian and the Muslim",https://www.youtube.com/watch?v=f7FFelc7vrs
Heaven and Earth - The Difference between Men and Women,https://www.youtube.com/watch?v=Xj3AFiSW5RI
Basic Teachings of Sufism,https://www.youtube.com/watch?v=NbjzLQnJ1Yk
Like the Sun in the Sky,https://www.youtube.com/watch?v=SFZ0djq3-J0
Transform your Anger,https://www.youtube.com/watch?v=xtz554_Cp2c
Make Sincere Intention,https://www.youtube.com/watch?v=Gb8eHgWytnI
Stay Away from Pride and Envy,https://www.youtube.com/watch?v=wMtd4CrpJDs
Das Gute liegt in der Gemeinschaft,https://www.youtube.com/watch?v=YHFhhCx76yA
Diene in Liebe,https://www.youtube.com/watch?v=IfZ9EvAJR0U
Im Namen Allahs,https://www.youtube.com/watch?v=pgOveDhIzSc
Make Dhikr Everyday,https://www.youtube.com/watch?v=37X_jUFEU4c
What's Wrong Germany,https://www.youtube.com/watch?v=EDUWzCQ7rsU
Was ist los Deutschland?,https://www.youtube.com/watch?v=RZX1w_u-ObM
Jihad al-Akbar,https://www.youtube.com/watch?v=AahBfNw_T7g
How to Teach Religion,https://www.youtube.com/watch?v=_BS-TAokOL0
The Oath of Faith,https://www.youtube.com/watch?v=RKv0V7etxmk
Do Your Best for Everyone,https://www.youtube.com/watch?v=egmxBeZHn38
Malik al-Mulk,https://www.youtube.com/watch?v=fA45MoH9GxI
Keep Your Eyes,https://www.youtube.com/watch?v=z-Y_37cgS6g
Be Thankful and Patient,https://www.youtube.com/watch?v=KUwZ4JQ3BJM
Khutba Eid ul-Adha 1439 Hijri Sheikh Hassan,https://www.youtube.com/watch?v=vz2mOENK9cs
Everything Belongs to Allah,https://www.youtube.com/watch?v=tHa93TiwBAg
Advocate of Your Affairs,https://www.youtube.com/watch?v=gqg0urJZa6A
Help Damascus Soup Kitchen 2,https://www.youtube.com/watch?v=TwqDQBSufPo
Help Damascus Soup Kitchen 1,https://www.youtube.com/watch?v=MsZYYUqdXeo
The Base for a Healthy Body,https://www.youtube.com/watch?v=kxl9kPee87o
Die Basis für einen gesunden Körper,https://www.youtube.com/watch?v=TwM7hQwdcXs
Always under His Sight,https://www.youtube.com/watch?v=ihtYwwaUyXU
Ibn Sina's preventive Medicine with Sheikh Hakim Atabek Shukurov,https://www.youtube.com/watch?v=JeVsxU6KLOI
SUFI SOUL FESTIVAL 2018,https://www.youtube.com/watch?v=csYcSNONBmI
You Need A Living Master,https://www.youtube.com/watch?v=HCoOeCabG7o
Everyone Forgiven,https://www.youtube.com/watch?v=HyHtxNleZ7o
You are All One,https://www.youtube.com/watch?v=s6kZ4gXO4_8
"Concert, Dhikr and Hadrah Sheikh Hassan Dyck mit Abu Nour",https://www.youtube.com/watch?v=RWZ_3ld-DVE
The Beggar and the Queen,https://www.youtube.com/watch?v=pM1FZ9xM6K0
Love and be Loved,https://www.youtube.com/watch?v=Zl1g55qByD0
Secrets of the 99 Names of Allah pt.2,https://www.youtube.com/watch?v=pBn0nxYrrDQ
Sufismus ist Veränderung,https://www.youtube.com/watch?v=xsH972I4CaY
Secrets of the 99 Names of Allah pt.1,https://www.youtube.com/watch?v=tUVyd3usdXI
Try to Become Better Everyday,https://www.youtube.com/watch?v=3V2I9-Pk9wg
Unter dem Schirm von Muhammad (saw),https://www.youtube.com/watch?v=AVeaR9X9PTI
Food is Medicine,https://www.youtube.com/watch?v=J3Z-lIFPywg
Serve Your Sheikh,https://www.youtube.com/watch?v=V_9df_bOsPQ
Allah Loves to Forgive Big Sins,https://www.youtube.com/watch?v=dOtwaC-b0_0
Khutba Eid ul-Fitr 1439 Hjri Sheikh Hassan,https://www.youtube.com/watch?v=3HUwZoHRxdA
Call for Donations Derga Rasenmühle Kassel,https://www.youtube.com/watch?v=ObQEKqVdCM0
Spendenaufruf Dergah Rasenmühle Kassel,https://www.youtube.com/watch?v=EON8LwLZgTs
Reinheit ist vom Glauben,https://www.youtube.com/watch?v=JIZLNrxy9mQ
Allah ist Jetzt,https://www.youtube.com/watch?v=KhLBhOGyT0M
Whole Teaching of Islam is through Sohbat,https://www.youtube.com/watch?v=oPIAvqiCyQ0
Keine Macht außer bei Allah,https://www.youtube.com/watch?v=CNkale49VEY
Khatm and Dhikr Sheikh Hassan 02.06.2018,https://www.youtube.com/watch?v=4PvsT_cvtU4
Don't be Angry more than Three Days,https://www.youtube.com/watch?v=9hc1HcP4B4g
Hadrah Osmanische Herberge 02.06.2018,https://www.youtube.com/watch?v=aYyBb36737A
Stay in Dhikr,https://www.youtube.com/watch?v=Esu37vflGac
Finish Your Love for this World,https://www.youtube.com/watch?v=f6Vvr6hEiGs
Ein guter Muslim ist gut zu den Geschöpfen,https://www.youtube.com/watch?v=4qw1EM4mNm4
Gutes tun tut gut,https://www.youtube.com/watch?v=Ps2f8hKOUxU
Take Wisdom from Anyone,https://www.youtube.com/watch?v=LVvP5IFwenM
Only One Veil between Allah and His Fasting Servant,https://www.youtube.com/watch?v=CYwcQ4NXtRs
Ärgere dich nicht,https://www.youtube.com/watch?v=TpnFdOPdXuM
Maulid mit Ustadh Mahmmood Sabri in der Rasenmühle,https://www.youtube.com/watch?v=BxGcE8lcA7I
Das Leben ist wie ein Traum,https://www.youtube.com/watch?v=Xpz255O8EXU
Die Prüfung der Liebe,https://www.youtube.com/watch?v=Mc4ufPldijo
Aus dem Licht Seiner schönen Namen,https://www.youtube.com/watch?v=NX9A1y_GT2o
By the Power of Allah,https://www.youtube.com/watch?v=lfwMeHPUblw
Without Beginning and without End,https://www.youtube.com/watch?v=LxoCfVKAgQ4
The Lord of the Worlds,https://www.youtube.com/watch?v=3ZvOYaP6Dw4
Is Music Haram?,https://www.youtube.com/watch?v=c9GpMQnCrKU
A Prison to the Soul,https://www.youtube.com/watch?v=tpc_EP7jEzg
Keep your Patience,https://www.youtube.com/watch?v=36D_K_h7sok
Perfektion ist nur bei Allah,https://www.youtube.com/watch?v=e5ZnNQG7B6Q
Lüfte dein Geheimnis,https://www.youtube.com/watch?v=28391tuHk4w
The Best of My Ummah,https://www.youtube.com/watch?v=gQnBgj9m81Q
Stehe zu Deinen Fehlern,https://www.youtube.com/watch?v=4sUt8K_o8H0
Ein Diener Allahs,https://www.youtube.com/watch?v=PYhTUTOeIA4
Love is the Medicine,https://www.youtube.com/watch?v=oW_07z9fv0I
The Most Tolerant Religion,https://www.youtube.com/watch?v=xDAbwtPv2bs
Hijri Urs of Mawlana Sheikh Nazim in the Osmanische Herberge,https://www.youtube.com/watch?v=Vc1e2m4uaII
Sohbat & Dhikr with Sheikh Hassan in Bruxelles 22.03.2018,https://www.youtube.com/watch?v=YW7U5c5z2iU
Shaytan was the First Wahabi,https://www.youtube.com/watch?v=nnDN_mJ0p-k
Paradise Lies Under the Feet of Your Mother,https://www.youtube.com/watch?v=jYhDEWBUSoU
You're Born to be Sultan,https://www.youtube.com/watch?v=1WMAyOToowI
Sufism is Islam,https://www.youtube.com/watch?v=eHWcH2wXLtc
Pragmatical Spiritual Therapy of the Self pt.2,https://www.youtube.com/watch?v=NbFWXcfbgKk
Pragmatical Spiritual Therapy of the Self pt.1,https://www.youtube.com/watch?v=rDxOwXfWHrQ
Ruf Ihn bei Seinen Namen - Was ist das Dhikr?,https://www.youtube.com/watch?v=rSElFRuIVaE
A Mercy for the Worlds,https://www.youtube.com/watch?v=Hb2Us8syBJw
Search for Love,https://www.youtube.com/watch?v=PVZpiukEusc
Hadrah Osmanische Herberge 03.03.2018,https://www.youtube.com/watch?v=Xfiv-vKsScw
Your Heart is a Treasure Box of Allah Almighty,https://www.youtube.com/watch?v=4lo_thDRSrI
Belief has no Limits,https://www.youtube.com/watch?v=bYW2zUjduLw
Believe in Love,https://www.youtube.com/watch?v=s-nrgRDZaq8
The Perfect Wali,https://www.youtube.com/watch?v=yFlE0ZEUmSU
Maulid mit Scheikh Hassan in der Rasenmühle Kassel,https://www.youtube.com/watch?v=QMcECiEQS_I
Visit a Brother,https://www.youtube.com/watch?v=YidSP6yaTyo
You Must be Easily Believing,https://www.youtube.com/watch?v=l77qmELz-fo
Be Gentle not Hard,https://www.youtube.com/watch?v=aE8lpOZmkQA
Sheikh Hassan on Marriage and Divorce,https://www.youtube.com/watch?v=j4bCntyLEhI
Forgive and you will be Happy,https://www.youtube.com/watch?v=g7jh3gvKwNE
New Year's Session Ali Keeler & Abu Nur,https://www.youtube.com/watch?v=twBGJescfGU
Treat People According to their Ranks,https://www.youtube.com/watch?v=pjqcVlctIwY
Leite uns den rechten Weg,https://www.youtube.com/watch?v=rXSwZ003k1w
New Year's Hadra Osmanische Herberge 31.12.2017,https://www.youtube.com/watch?v=X6Rn6ugMza0
Look with Wisdom,https://www.youtube.com/watch?v=W9p7coIeavU
Don't Despair of the Mercy of Allah,https://www.youtube.com/watch?v=J0NTQY0C2vU
Trust Only in Allah,https://www.youtube.com/watch?v=8etdZP-zvi8
Look after Your Body,https://www.youtube.com/watch?v=7Do0OBXTIXY
Majlis mit Abu Nur in Kassel,https://www.youtube.com/watch?v=ITVeKrm-zD4
Konzert Ali Keeler & Abu Nur in der Osmanischen Herberge,https://www.youtube.com/watch?v=8FahZgJBo7k
Dein Scheikh ist die Tür,https://www.youtube.com/watch?v=dUmOKwiSB9c
Zeichen des wahren Glaubens,https://www.youtube.com/watch?v=hflAefcqz0g
Allah Guides whom He Wills,https://www.youtube.com/watch?v=WJKTngLVvrs
The Falcon of the Sultan,https://www.youtube.com/watch?v=8CQmwHBusaE
Gedenke immer Allahs - Sohbat & Dhikr,https://www.youtube.com/watch?v=oeVWXBn7XLo
Widen Your Heart (excerpt),https://www.youtube.com/watch?v=wXt8bKrWcZ4
Schau nicht auf die Fehler der Anderen,https://www.youtube.com/watch?v=GYAHoMG-W9w
Halte den Weg,https://www.youtube.com/watch?v=ZkiVfML8srQ
Follow a Saint,https://www.youtube.com/watch?v=Sd-bawNxRo8
Use Your Imagination,https://www.youtube.com/watch?v=-nJReHD5nto
Interview Scheikh Hassan Deutsche Welle,https://www.youtube.com/watch?v=p9djl9Ow3j4
Nach der Schwierigkeit kommt die Erleichterung,https://www.youtube.com/watch?v=pfmaaTSxYz8
Allah ist mit den Geduldigen,https://www.youtube.com/watch?v=Q9BBzY50rkc
Fitna Leads to Destruction (excerpt),https://www.youtube.com/watch?v=ncBK_jGR40g
"Vergiss das Schlechte, behalte das Gute",https://www.youtube.com/watch?v=z33W3oY17UM
If it wasn't for You,https://www.youtube.com/watch?v=GQtUmHkw36k
The Best Intermediary is Rasulullah (saw),https://www.youtube.com/watch?v=6ggz66GZ81A
The First and the Last (excerpt),https://www.youtube.com/watch?v=iLkBQUe-WsE
People who have Light (excerpt),https://www.youtube.com/watch?v=tj_a-c9aebs
Die Liebe zum Propheten ist der Schlüssel (Auszug),https://www.youtube.com/watch?v=1xmptX5z02c
Every Sickness is a Rope to Allah,https://www.youtube.com/watch?v=oDo9DluiQM4
Tholama - Maulid in der Osmanischen Herberge,https://www.youtube.com/watch?v=eQxuxpN_cn4
Qul Ya Azim - Maulid in der Osmanischen Herberge,https://www.youtube.com/watch?v=yS8TRsnOz34
Connect Your Heart with Your Sheikh,https://www.youtube.com/watch?v=-ooAS9fzNO8
Sei Rabbani,https://www.youtube.com/watch?v=RU_9ORkuz9E
We All Live and Die in Islam,https://www.youtube.com/watch?v=XAa0Z0TIvAI
Creation is Revelation,https://www.youtube.com/watch?v=n3ENkGj9Hk8
The Donkey and the Two Thieves,https://www.youtube.com/watch?v=zxagJN6L7E8
Scheikh Hassan - Wege zu den Himmeln und Sufi Meditation,https://www.youtube.com/watch?v=1INn_ZTuMDY
Sheikh Hassan Birthday Greetings,https://www.youtube.com/watch?v=xDzMsJpTWd0
The Blessings of Aschura,https://www.youtube.com/watch?v=vvRtKZeIcfs
Allah tries whom He loves,https://www.youtube.com/watch?v=bibZh_tLwv8
Human Relations,https://www.youtube.com/watch?v=SPVkrMFhUKg
Show me your friends and I'll tell you who you are,https://www.youtube.com/watch?v=PWiu8Wi8mMQ
Khutba Scheikh Hassan - Innere und äußere Feinde,https://www.youtube.com/watch?v=ZT662iQ1-UI
Sohbat Sheikh Hassan - Heading for Perfection,https://www.youtube.com/watch?v=4TWX4cwV1C0
hadrah eiduladha 2017,https://www.youtube.com/watch?v=kYEzC28bSl8
Khutba Sheikh Hassan - Oceans of Knowledge,https://www.youtube.com/watch?v=tOFx-ZNbFEk
Sohbat Sheikh Hassan - Narrations from Sheikh Abdul Qadir Gilani pt.2,https://www.youtube.com/watch?v=KSH29nNS5WI
Sheikh Hassan Khutba Eid ul-Adha 2017,https://www.youtube.com/watch?v=XEcySQS-cZc
Sheikh Hassan Sohbat - Narrations from Sheikh Abdul Qadir Gilani pt.1,https://www.youtube.com/watch?v=NtUqxY8-PYM
ZDF info - Sufis in Deutschland,https://www.youtube.com/watch?v=Ua-6mGMO8jQ
Sheikh Hassan Khatm-ul-Khwajagan & Dhikr,https://www.youtube.com/watch?v=JmT2qZFK8LY
Juma Khutba Sheikh Hassan - Religion is sincere advise,https://www.youtube.com/watch?v=Q71gpWaIO6I
Sheikh Hassan Sohbat - Leave Your Pride,https://www.youtube.com/watch?v=RifN9kAE5As
Juma Khutba Sheikh Hassan - Three doors of bad action,https://www.youtube.com/watch?v=-ZSEh2WXquU
Sohbat Sheikh Hassan - The Secret of the Khatm-ul-Khwajagan,https://www.youtube.com/watch?v=Xbkms9HKhUc
Sohbat Sheikh Hassan - Maulana Sheikh Nazim Lessons pt.2,https://www.youtube.com/watch?v=RlpxVCeS9DU
Sohbat Sheikh Hassan - Maulana Sheikh Nazim Lessons pt.1,https://www.youtube.com/watch?v=j4-6ufdvBak
Juma Khutba Sheikh Hassan - Be with Truthful Ones,https://www.youtube.com/watch?v=rsd2wTqj3Cc
Sheikh Hassan in Saint Ann's - Not our Home,https://www.youtube.com/watch?v=UemJWP9gwQ0
"Juma with Sheikh Hassan - Adhan, Khutba & Hadra",https://www.youtube.com/watch?v=wDlgi0BcQH8
Sohbat Sheikh Hassan - In this world but not of it,https://www.youtube.com/watch?v=nqID41Yn5cQ
Hadra and Sohbat with Sheikh Hassan in the Osmanische Herberge - July 2017,https://www.youtube.com/watch?v=lWpM6qz6dIk
Sohbat Sheikh Hassan - Where we landed?,https://www.youtube.com/watch?v=-yEhL5rQ34g
Sohbat Sheikh Hassan - Thy Will be done,https://www.youtube.com/watch?v=1MmkNEUQ7G0
Sohbat Sheikh Hassan - Medicine is bitter but beneficial,https://www.youtube.com/watch?v=IyMnzWddFpE
Scheikh Hassan Statement zum Berlin Anschlag,https://www.youtube.com/watch?v=iiiPcsU0-uk
Sohbat Sheikh Hassan - Of Servitude and Love,https://www.youtube.com/watch?v=3Did2MQqDIo
Hadra with Sheikh Hassan in the Osmanische Herberge - September 2016,https://www.youtube.com/watch?v=89e6Qdngp2M
"Sohbat Sheikh Hassan - Allah Created us for Love, not Anger",https://www.youtube.com/watch?v=9M-lhG8gQH4
Sohbat Sheikh Hassan - Eid al-Adha 2016 (1437 AH),https://www.youtube.com/watch?v=nWhkAL1kc1M
Hadra with Sheikh Hassan in the Osmanische Herberge,https://www.youtube.com/watch?v=JwQ9WAv-nWc
Sohbat Sheikh Hassan - Himma is for Allah Almighty Alone,https://www.youtube.com/watch?v=NOF4wdqKb54
A Day with Sheikh Hassan,https://www.youtube.com/watch?v=KNS3_iLiuhI
Sohbat Sheikh Hassan - Be with the Ones You Love,https://www.youtube.com/watch?v=LJMX5d1SHwE
Juma Khutba Sheikh Hassan - Wahabi Not Ahl as-Sunna,https://www.youtube.com/watch?v=NuoohgWF3tk
